ml4,ml4_n,gmv,n_order_ml4_rows
Блюда с птицей,блюда с птицей,3190525833.399996,9875094
Энергетические напитки,энергетические напитки,3166783086.349995,14886299
Чипсы картофельные обычные,чипсы картофельные обычные,2990514996.5200014,13751714
Мороженое порционное,мороженое порционное,2951962105.6200037,13370263
"Газированные напитки от 0,8л","газированные напитки от 0,8л",2639580906.8300004,16509207
Молоко пастеризованное,молоко пастеризованное,2061168490.3500035,16431573
Яйцо готовое прочее куриное,яйцо готовое прочее куриное,1711823814.0999994,11706245
Огурцы,огурцы,1542748943.2500005,7063561
Филе куриное охлажденное,филе куриное охлажденное,1496578352.3800008,3632787
Замороженные закуски,замороженные закуски,1452490779.12,6252136
Салаты с майонезом,салаты с майонезом,1443620467.6800003,5867203
Прочие твердые сычужные сыры,прочие твердые сычужные сыры,1353210040.2199996,5429020
Сосиски,сосиски,1327040085.1099997,5749800
"Соки и нектары более 0,5л и до 1,5л","соки и нектары более 0,5л и до 1,5л",1314042877.5699992,5811675
"Батончики шоколадные, нуга","батончики шоколадные, нуга",1239289760.2700038,8958736
Вязкие пастеризованные йогурты,вязкие пастеризованные йогурты,1089634942.519999,7748065
Многослойная сухая туалетная бумага,многослойная сухая туалетная бумага,1078157495.3699994,4155346
Шоколад молочный,шоколад молочный,1047958813.7199998,5215263
Вареные колбасы,вареные колбасы,1043848306.4499998,4902420
"Негазированные питьевые воды от 0,8л до 3л","негазированные питьевые воды от 0,8л до 3л",1033814956.8299998,5660182
Негазированные питьевые воды от 3л,негазированные питьевые воды от 3л,1033630733.9599999,6427680
Масло сливочное,масло сливочное,988995351.0899999,4303658
"Газированные напитки менее 0,8л","газированные напитки менее 0,8л",963127634.7200003,5325674
Охлажденная выпечка сытная,охлажденная выпечка сытная,950906444.9199996,5011333
Томаты свежие черри,томаты свежие черри,946050485.5099996,3676379
Бананы,бананы,945652477.8299993,5154245
"Мороженое ведро, ванна вкусовое","мороженое ведро, ванна вкусовое",938596885.0499997,1802262
Лапша порционная,лапша порционная,931799692.18,5634229
Молоко стерилизованное,молоко стерилизованное,926801472.3199998,4857658
Мармелад жевательный,мармелад жевательный,922161413.0400007,4989738
Пельмени,пельмени,918586805.6399996,2690519
Сырники и запеканки,сырники и запеканки,912080611.4499997,4015823
Сырки глазированные классические,сырки глазированные классические,911795525.2499993,6240333
Мандарины,мандарины,876060249.3499999,4161767
Паста,паста,866532576.6699998,3058319
Ветчина из мяса птицы,ветчина из мяса птицы,858596251.9100004,4479266
Сметана традиционная,сметана традиционная,834913101.1399993,7865059
"Куличи весом более 0,2 кг","куличи весом более 0,2 кг",834709574.9799998,1115528
Сэндвичи,сэндвичи,829572041.6800002,3190950
Блины сытные,блины сытные,826761381.0499997,3333195
Десерты с сахаром,десерты с сахаром,811344435.1599998,2781307
Суп с птицей,суп с птицей,803383921.5999997,3683318
Блюда с мясом,блюда с мясом,793514063.6299998,2788215
"Батоны, багеты, чиабатты","батоны, багеты, чиабатты",792512512.21,9650581
Традиционный творог,традиционный творог,721549053.7199998,4415313
"Воды минеральные лечебные от 0,8л","воды минеральные лечебные от 0,8л",701917510.4799999,4329673
Кофе молотый,кофе молотый,696995030.7199998,1772640
Выпечка сладкая,выпечка сладкая,696448112.3499995,3373169
Сыр творожный,сыр творожный,688644293.2699996,4333319
Мороженое семейное,мороженое семейное,682461569.0099995,1384165
Салаты с заправкой,салаты с заправкой,646163000.4699999,2210313
Томаты свежие круглые,томаты свежие круглые,639682110.0099993,2456836
Роллы,роллы,636150442.0099998,2481159
Лососи соленые,лососи соленые,625037747.06,1650649
Яблоки,яблоки,624455400.8699995,3480246
"Замороженные пирожные, десерты","замороженные пирожные, десерты",622191985.11,1142891
"Замороженные моно ягоды, фрукты","замороженные моно ягоды, фрукты",613907615.9900002,1467092
Томаты свежие сливовидные,томаты свежие сливовидные,606165022.5899997,2426877
Печенье сахарное,печенье сахарное,597743711.53,4083645
Хлеб пшеничный формовой,хлеб пшеничный формовой,584831261.0000001,5873288
"Газированные питьевые воды от 0,8л","газированные питьевые воды от 0,8л",583879527.9300007,3762987
Стритфуд,стритфуд,581106923.4899998,2161115
"Газированные напитки импортных брендов от 0,8л","газированные напитки импортных брендов от 0,8л",580480206.2599998,2547902
Онигири,онигири,566634743.9699998,2484439
"Холодные чаи от 0,8л","холодные чаи от 0,8л",560625199.2500001,2668768
Суп с мясом,суп с мясом,554207260.4499998,2336563
Пельменная продукция,пельменная продукция,549342956.4099997,1558824
"Картофель немытый, упакованный","картофель немытый, упакованный",536510087.9199997,3094345
Блины сладкие,блины сладкие,497096164.7500002,2230121
Каши,каши,486327550.6399999,2515768
Печенье сдобное,печенье сдобное,486171410.77000016,3158381
Десерты детские,десерты детские,477351527.01000017,3478546
Влажные корма для взрослых кошек,влажные корма для взрослых кошек,476646993.2600002,2690880
Негазированные питьевые воды детские,негазированные питьевые воды детские,468113673.1499998,3048416
Бургеры,бургеры,463768446.10000026,1631180
Копчености сырокопченые,копчености сырокопченые,457148711.4999998,2141089
Свежие пирожные и десерты,свежие пирожные и десерты,455978200.8,1902681
Рыба замороженная,рыба замороженная,450540409.7500001,907068
Круассаны,круассаны,448720929.76000005,1676105
Шоколад детский,шоколад детский,448089099.38000023,2678560
Прочие десерты,прочие десерты,445921963.28999954,3524248
Авокадо,авокадо,441238021.4499998,1762993
Кофе сублимированный,кофе сублимированный,440598463.8200001,911304
Кисломолочные функциональные продукты,кисломолочные функциональные продукты,439064366.96,2083682
Другие завтраки,другие завтраки,429917456.38,1658939
Сырокопченые колбасы в нарезке,сырокопченые колбасы в нарезке,421846281.74,2318801
Пирожные,пирожные,417938143.67,2078400
Безалкогольное пиво,безалкогольное пиво,415135153.55999994,1808501
Хлеб ржано-пшеничный формовой,хлеб ржано-пшеничный формовой,410481207.6200005,4536639
Сухари-гренки,сухари-гренки,404040137.0599999,3375688
Перец сладкий,перец сладкий,400974202.24999976,1606764
Жидкие средства для стирки,жидкие средства для стирки,398685697.5200001,875071
Салаты с маслом,салаты с маслом,396901896.45,2192632
Творожки,творожки,394077760.90000015,3171255
Негазированные сокосодержащие напитки,негазированные сокосодержащие напитки,392242614.53,1783988
Фигурные,фигурные,385865834.51999986,3272021
Прокладки,прокладки,385144290.84,1749993
Голень куриная охлажденная,голень куриная охлажденная,380346691.1400001,1209457
Голубика,голубика,377347081.6999999,1395465
Круассаны со сладкой начинкой,круассаны со сладкой начинкой,366718539.85999966,1574114
"Вкусовые питьевые воды от 0,8л","вкусовые питьевые воды от 0,8л",365287107.8499992,2829261
Сыровяленые колбасы,сыровяленые колбасы,358990435.6299999,1518394
Подгузники-трусики,подгузники-трусики,356518556.1999999,361347
Виноград,виноград,356106499.83000004,1010970
Питьевые пастеризованные йогурты,питьевые пастеризованные йогурты,354827663.31,2771136
Майонез классический,майонез классический,344936731.4500002,2907318
"Картофель мытый, упакованный","картофель мытый, упакованный",339010798.21999997,1689351
Снэки воздушные соленые,снэки воздушные соленые,336791183.74000025,2619848
Десерты без сахара,десерты без сахара,332429145.8099998,1368135
Драже помадное/ореховое,драже помадное/ореховое,331492231.87999994,1731075
Семечки подсолнечника неочищенные,семечки подсолнечника неочищенные,328273429.6600002,1511794
Мороженое брикет вкусовое,мороженое брикет вкусовое,325892759.4699998,2326432
Готовые блюда прочие,готовые блюда прочие,323660798.4499999,1200210
Замороженный хлеб,замороженный хлеб,315696545.8300002,1125984
Салаты микс,салаты микс,315676418.43999994,1835362
Филе индейки охлажденное,филе индейки охлажденное,313565664.86000025,849102
Твердые сычужные сыры в нарезке,твердые сычужные сыры в нарезке,311481888.7300002,1398972
Лимон,лимон,309693090.7399999,2094354
"Газированные напитки импортных брендов менее 0,8л","газированные напитки импортных брендов менее 0,8л",306647789.59000003,1536153
Чипсы прочие,чипсы прочие,303365440.15,1735444
Кефир традиционный,кефир традиционный,302943858.03999996,2890394
Наборы роллов,наборы роллов,302734168.12,810117
"Лаваши, лепешки, тортильи","лаваши, лепешки, тортильи",299765709.9000002,2803551
Конфеты шоколадные,конфеты шоколадные,289421705.64,1120809
Икра красная,икра красная,289233809.39000005,285269
Закуски другие,закуски другие,280658186.29999983,1112694
Молоко с добавками,молоко с добавками,280644312.75,1695218
Чипсы картофельные прессованные,чипсы картофельные прессованные,280438799.64000005,855267
"Воды минеральные от 0,8л","воды минеральные от 0,8л",276888603.53999996,1857749
Муссы и пудинги,муссы и пудинги,276740857.54,1663952
"Соки, нектары детские","соки, нектары детские",273102061.66,2328260
Апельсины,апельсины,272669596.4300002,1341318
Бумажные полотенца,бумажные полотенца,270417932.71000004,1442875
Мясо индейки стейковое охлажденное,мясо индейки стейковое охлажденное,267774625.01000005,642874
Молоко сгущенное классическое,молоко сгущенное классическое,267471827.60000005,1653467
Печенье сложное,печенье сложное,266510101.0600001,1377514
Говядина стейки охлажденные,говядина стейки охлажденные,265663843.71,417243
Батончики протеиновые,батончики протеиновые,259095971.93999997,1545894
Фарш смешанный,фарш смешанный,255776451.72000012,1049624
Снэки соленые прочие,снэки соленые прочие,251859116.52000004,1792388
Сыры типа Пармезан,сыры типа пармезан,251347976.51000005,957241
"Крабовые палочки, мясо (охл)","крабовые палочки, мясо (охл)",251145280.82999998,1526691
Молоко растительное,молоко растительное,250771542.3100001,1242871
Сыры плавленые в нарезке,сыры плавленые в нарезке,245650494.17,1494896
Шампиньоны,шампиньоны,245202292.77999994,1361885
Супы-пюре,супы-пюре,244460972.61999995,988548
Фарш из курицы охлажденный,фарш из курицы охлажденный,238703413.25000015,962546
Варено-копченые колбасы,варено-копченые колбасы,237753611.94,1084703
Фруктово-ягодные консервы детские,фруктово-ягодные консервы детские,237342713.76999998,1450215
Замороженные овощные смеси,замороженные овощные смеси,236600806.02000013,1099063
Блины без начинки,блины без начинки,232619225.33000007,1053985
Рассыпчатый творог,рассыпчатый творог,230903797.49000007,1230257
Лук желтый репчатый,лук желтый репчатый,230398904.19000024,2746882
Хлеб ржано-пшеничный подовый,хлеб ржано-пшеничный подовый,229534481.62000015,2776323
Кетчуп,кетчуп,226411308.72,1575716
Прочие рассольные сыры,прочие рассольные сыры,226222969.10000005,967323
Зефир,зефир,220976711.32000008,1411856
Кофе в зернах,кофе в зернах,219939288.03000006,259562
Киви,киви,216951381.6000001,1417383
Груши,груши,214047498.08,992264
Кухня закуски разные,кухня закуски разные,213975121.58000007,688272
Сыры плавленые в контейнерах,сыры плавленые в контейнерах,212841349.65999997,1022028
Сухие специализированные корма для кошек,сухие специализированные корма для кошек,210676882.03999996,429476
Сливки классические 20%-29%,сливки классические 20%-29%,210529359.45000008,1232895
Замороженные моно овощи,замороженные моно овощи,209816734.25,926181
Сыры с плесенью,сыры с плесенью,207823066.2700001,734891
Суп с морепродуктами,суп с морепродуктами,204682512.76,618779
Сахар-песок белый,сахар-песок белый,204564780.17000017,1956489
Свежие торты,свежие торты,201310329.73000002,394798
Традиционные вафли,традиционные вафли,198560531.02000007,1154790
Мясо индейки мелкокусковое охлажденное,мясо индейки мелкокусковое охлажденное,197825151.13000005,642001
Сливки нежирные 10%-19%,сливки нежирные 10%-19%,197562066.86999997,1591796
"Квас от 0,8л","квас от 0,8л",196382134.87999997,1066201
Замороженные вареники,замороженные вареники,196268629.85000005,637082
Пасты зубные,пасты зубные,195427362.53000003,645055
Молочные напитки,молочные напитки,194232925.62000003,919515
Конфеты прочие,конфеты прочие,193253172.07000002,1067675
Пирожное протеиновое,пирожное протеиновое,191959455.93000004,984522
Фарш говяжий,фарш говяжий,189692505.64000002,492170
Кукуруза,кукуруза,188590993.37,1359469
Полуфабрикаты из мяса птицы рубленые охлажденные,полуфабрикаты из мяса птицы рубленые охлажденные,187642923.95,806898
Попкорн готовый,попкорн готовый,187520851.39999998,827015
Российский,российский,187462051.76,842549
Плов,плов,187026913.40000004,834692
Творожные изделия детские до 3-х лет,творожные изделия детские до 3-х лет,185673620.65,1716820
Микс зелени,микс зелени,185498845.33000007,1876779
Кофе порционный прикасса,кофе порционный прикасса,183607645.34000006,2212550
Огурцы маринованные,огурцы маринованные,182638177.65000004,738217
Ополаскиватели для белья,ополаскиватели для белья,182425350.71,463723
Мука пшеничная,мука пшеничная,182254598.84999993,1283602
Морковь мытая,морковь мытая,179816599.80000004,1620571
Соусы белые,соусы белые,179469895.85999995,1338279
Мягкий творог,мягкий творог,178574741.18,1437566
Рафинированное подсолнечное масло,рафинированное подсолнечное масло,177962892.38999993,1116787
Клубника,клубника,177161112.50999993,442741
Салаты корейские,салаты корейские,176327044.04000002,1123712
Моцарелла в рассоле,моцарелла в рассоле,173790212.34,1007417
Презервативы,презервативы,173217258.23,313100
Огурцы корнишоны маринованные,огурцы корнишоны маринованные,171945628.39000005,800431
Сухие средства для стирки,сухие средства для стирки,170870593.85000005,427800
Хлеб пшеничный подовый,хлеб пшеничный подовый,170241588.21000013,1856364
Бедро куриное охлажденное,бедро куриное охлажденное,169302286.13999996,567574
Мясо курицы в маринаде охлажденное,мясо курицы в маринаде охлажденное,167340386.40999997,420837
Тампоны,тампоны,166774363.42000005,427416
Полуфабрикаты рубленные охлажденные,полуфабрикаты рубленные охлажденные,163901242.82,655011
Пищевой лед,пищевой лед,162379121.49,917128
Говядина мелкокусковая охлажденная,говядина мелкокусковая охлажденная,160965111.06000003,318345
Замороженная пицца на толстом тесте,замороженная пицца на толстом тесте,159594191.54999995,259084
"Воды минеральные менее 0,8л","воды минеральные менее 0,8л",159434277.41,818234
Фарш из индейки охлажденный,фарш из индейки охлажденный,159269519.08000004,644846
Пироги,пироги,154775345.63000003,590075
Мясосодержащие консервы детские,мясосодержащие консервы детские,151764696.1500001,632917
Копчености в нарезке,копчености в нарезке,151175358.32,845811
Полукопченые колбасы,полукопченые колбасы,150338993.85,661927
Вафельные изделия,вафельные изделия,149204771.36000004,1046926
Средства для ручного мытья посуды,средства для ручного мытья посуды,148801578.10000005,858591
Мясо в маринаде и шашлык охлажденное,мясо в маринаде и шашлык охлажденное,147553503.38000003,385852
Хлеб диетический,хлеб диетический,147155451.95000002,1397285
Функциональные напитки детские,функциональные напитки детские,147154107.16000003,1267283
Жевательная резинка подушечки,жевательная резинка подушечки,147038611.9,2374088
Таблетированные средства для ПММ,таблетированные средства для пмм,146766837.35,229746
"Салфетки, тряпки и губки для уборки","салфетки, тряпки и губки для уборки",146690554.25999996,618084
Кухня пицца мясная,кухня пицца мясная,144447438.15000007,219254
Шоколад белый,шоколад белый,143199603.54000002,650579
Круасаны,круасаны,142904079.54000005,719382
Томатная паста,томатная паста,142234116.54000014,1500421
Пресервы из сельди,пресервы из сельди,141834735.65000004,669989
Микс букеты,микс букеты,140990101.06,162253
Мясо курицы мелкокусковое охлажденное,мясо курицы мелкокусковое охлажденное,140550706.59000006,402622
Экзотические плоды прочие,экзотические плоды прочие,138639893.75000003,474299
Мороженое брикет классическое,мороженое брикет классическое,138318845.81000003,939003
Букет из тюльпанов,букет из тюльпанов,133884825.59000002,136080
Пасты ореховые,пасты ореховые,133454545.03,253303
Черный чай пакетированный классический,черный чай пакетированный классический,132933532.28000006,752136
Овощи в вакуумной упаковке,овощи в вакуумной упаковке,131013024.57999994,993214
Влажные салфетки детские,влажные салфетки детские,129957625.11999997,853991
Говядина крупнокусковая охлажденная,говядина крупнокусковая охлажденная,129558369.51000004,211285
Шампуни женские,шампуни женские,129199627.63000003,303949
Блюда с морепродуктами,блюда с морепродуктами,127799066.56999998,437590
Женские гели,женские гели,126657313.69000004,318460
Майонез прочий с добавками,майонез прочий с добавками,125774999.18999998,902565
Голландский,голландский,125158156.53,567960
Ракообразные замороженные,ракообразные замороженные,124533742.37999998,208413
Морсы,морсы,124521592.46000002,526700
Торты,торты,123434641.58000004,361935
Салаты кочанные,салаты кочанные,123315689.46,696325
Замороженные слоеные изделия семейные,замороженные слоеные изделия семейные,123191968.67,436821
Паштеты консервированные,паштеты консервированные,121831934.47999996,703362
Салаты листовые,салаты листовые,120742851.73000003,1078079
Пастильные изделия,пастильные изделия,120702035.75000003,581509
Замороженные блины несладкие,замороженные блины несладкие,119618477.65000002,476567
Ветчина из мяса животных,ветчина из мяса животных,119548416.87000003,619842
Шоколадные яйца,шоколадные яйца,117075627.3,490060
Прочие рыбные полуфабрикаты,прочие рыбные полуфабрикаты,116886851.0,306311
Горошек,горошек,116583806.87000002,806249
Тильзитер,тильзитер,116446057.18000002,479903
Зерненый творог,зерненый творог,116408854.73999998,859522
"Воды минеральные лечебные менее 0,8л","воды минеральные лечебные менее 0,8л",114683187.58000003,594800
Мясо индейки в маринаде охлажденное,мясо индейки в маринаде охлажденное,113988396.75999998,228291
Манго,манго,113027107.77000003,406552
Овощной микс,овощной микс,111682072.88000001,604573
Спагетти,спагетти,111393925.99,1008716
Сухие корма для взрослых кошек,сухие корма для взрослых кошек,111231051.27000006,344544
Капуста белокочанная,капуста белокочанная,110565206.30000004,795958
Комкующиеся наполнители,комкующиеся наполнители,108723470.52000003,229325
Влажная туалетная бумага,влажная туалетная бумага,107140086.28000002,496314
Свинина крупнокусковая охлажденная,свинина крупнокусковая охлажденная,107137899.6,259511
Влажные специализированные корма для кошек,влажные специализированные корма для кошек,106938650.53000005,677622
Блюда с рыбой,блюда с рыбой,106644716.82,422457
Жидкое мыло основное,жидкое мыло основное,106232831.86000003,404348
Каша жидкая,каша жидкая,104732545.65999997,511264
Кухня блюда с птицей,кухня блюда с птицей,104729226.52999997,289425
Конфеты молочные,конфеты молочные,104685349.53999999,560526
Мясо птицы в маринаде охлажденное,мясо птицы в маринаде охлажденное,104420630.07000001,229347
Рыбные полуфабрикаты замороженные,рыбные полуфабрикаты замороженные,104283399.99000002,178789
Дезинфицирующие средства для сантехники,дезинфицирующие средства для сантехники,103631090.76,434982
Сырокопченые колбасы батоны,сырокопченые колбасы батоны,103174327.85000001,405224
Полуфабрикаты из мяса индейки рубленые охлажденные,полуфабрикаты из мяса индейки рубленые охлажденные,103162288.48,362152
"Пасты, масло, паштеты рыбные","пасты, масло, паштеты рыбные",102710847.47999999,662758
Салаты прочие виды,салаты прочие виды,102518904.16000001,618668
Снэки мясные,снэки мясные,102179448.32000001,392483
Печенье протеиновое,печенье протеиновое,101754092.59999996,501920
Пряничные изделия,пряничные изделия,101520675.89,745013
Консервы рыбные натуральные прочие,консервы рыбные натуральные прочие,100878403.21000004,403573
Хвойные,хвойные,100723344.32000001,164769
Морковь немытая,морковь немытая,100712888.50999999,1154270
Гранола,гранола,100371420.57999998,457843
Бумажные салфетки для лица,бумажные салфетки для лица,99862503.16,541066
Блюда из овощей,блюда из овощей,99645254.98000002,480930
Влажные салфетки антибактериальные,влажные салфетки антибактериальные,99458948.17999998,755501
Варенье,варенье,99080756.84999996,388163
Снэки для детей,снэки для детей,98876275.83,964312
Сардельки,сардельки,98269371.82000001,403515
"Крекеры, галеты","крекеры, галеты",96908492.66999999,779486
Кроссовки для мужчин,кроссовки для мужчин,96536768.52,23822
Запеченные хлебцы,запеченные хлебцы,96243347.93999997,715907
Черный чай пакетированный аромат с добавками микс,черный чай пакетированный аромат с добавками микс,96047750.3,591193
Сыры типа Маасдам,сыры типа маасдам,95771534.04999997,387274
Охлажденная выпечка сладкая,охлажденная выпечка сладкая,94826143.80999999,500091
Силикагелевые наполнители,силикагелевые наполнители,94742998.00999998,145014
Сыры типа Фета,сыры типа фета,92516635.19000004,408053
Ананасы,ананасы,92241631.67000002,193511
Свинина мелкокусковая охлажденная,свинина мелкокусковая охлажденная,91543197.63999996,378465
Молоко без добавок детское,молоко без добавок детское,90505344.55,650125
Консервы скумбриевые натуральные,консервы скумбриевые натуральные,90155997.17000003,341641
Каша в коробке,каша в коробке,90090923.98,461977
Колготки для женщин,колготки для женщин,89619735.86000001,248808
Драже прочее,драже прочее,89391276.27999999,631496
Новогодние подарки кондитерские,новогодние подарки кондитерские,88755642.59000002,182121
Миксы растительных масел,миксы растительных масел,88372757.37,510373
Замороженное тесто,замороженное тесто,87994199.43000004,506412
Нерафинированное оливковое масло,нерафинированное оливковое масло,87834010.28000002,149791
Икра белая с соусом,икра белая с соусом,87775638.05000001,495429
Йогурты пастеризованные детские до 3-х лет,йогурты пастеризованные детские до 3-х лет,87734208.47999999,775904
Фисташки,фисташки,87016108.74999999,291667
Мороженое в мягкой упаковке классическое,мороженое в мягкой упаковке классическое,87015881.62,220160
Сухие корма для котят,сухие корма для котят,86637286.39999999,171481
"Холодные чаи менее 0,8л","холодные чаи менее 0,8л",86534442.69999999,639725
Взорванные зерна хлебцы,взорванные зерна хлебцы,86289238.38999999,579883
Соусы соевые,соусы соевые,86118357.56999995,510383
Зелень прочие виды,зелень прочие виды,84967213.92999995,648998
Древесные наполнители,древесные наполнители,84010432.56999998,332214
Кроссовки для женщин,кроссовки для женщин,83794091.04,24816
Выпечка сдобная с начинкой,выпечка сдобная с начинкой,83682277.57,742697
Тесты для определения беременности,тесты для определения беременности,83353688.36999997,284626
Выпечка сытная,выпечка сытная,83283373.36,691965
Выпечка слоеная с начинкой,выпечка слоеная с начинкой,82612650.60999997,534534
Помело,помело,82531155.20999998,287254
Соусы томатные,соусы томатные,82525397.16999999,370663
Молочнокислые десерты,молочнокислые десерты,82225465.59999998,696000
Моцарелла,моцарелла,82100351.57000001,428821
Печенье детское,печенье детское,81921272.59999993,582845
Чипсы кукурузные (начос),чипсы кукурузные (начос),81465326.97999997,559182
"Купаты, колбаски охлажденные","купаты, колбаски охлажденные",80245496.63999999,312929
Кабачки,кабачки,80170230.51999995,353674
Креветки очищенные замороженные,креветки очищенные замороженные,80045785.11000001,94738
"Шоколад темный, горький","шоколад темный, горький",79511973.07999998,333178
Ватные диски,ватные диски,78955115.17999996,576023
Выпечка сдобная без начинки,выпечка сдобная без начинки,78439483.48000002,459041
Копчености копчено-запеченные,копчености копчено-запеченные,78391817.40999998,267344
Консервы из мяса говядины,консервы из мяса говядины,78239681.89999998,238997
Соломка,соломка,77503758.61999997,653399
Мед без добавок,мед без добавок,77071450.72,243199
Субпродукты курицы охлажденные,субпродукты курицы охлажденные,74803896.27999996,330563
Гречневая крупа рассыпная,гречневая крупа рассыпная,74500934.83999997,722635
Смеси к курице,смеси к курице,74202319.12999997,619898
Супы моментального приготовления,супы моментального приготовления,74003040.11999997,617887
Рыбные снэки,рыбные снэки,73467073.35000004,315566
Зеленый лук,зеленый лук,71903967.82000001,771789
Смеси орехов и сухофруктов,смеси орехов и сухофруктов,71866188.34000002,290082
Крыло куриное охлажденное,крыло куриное охлажденное,71514315.92999999,239623
Сывороточные напитки,сывороточные напитки,71461545.19000001,455137
Маслины без косточки,маслины без косточки,71331128.19000003,349052
Таблетированные средства для стирки,таблетированные средства для стирки,70310754.58999997,173721
Креветки северные замороженные,креветки северные замороженные,70289737.46999998,140630
Хлопья овсяные,хлопья овсяные,70217384.34999996,701820
Соленья,соленья,70168262.13000001,510421
Сельди соленые,сельди соленые,70123927.46000001,259875
Одноразовые станки,одноразовые станки,69669389.05999999,211849
Молоко с добавками детское,молоко с добавками детское,69612604.53,636150
Поке и боулы,поке и боулы,69386282.06,190972
Гранат,гранат,68611094.24999999,310492
"Одеколоны, духи, воды женские","одеколоны, духи, воды женские",68440434.96000001,13342
Оливки без косточки,оливки без косточки,68419452.88999999,291468
Конфеты вафельные,конфеты вафельные,68308310.67,288887
Кухня выпечка несладкая,кухня выпечка несладкая,67660634.11000001,500450
"Вкусовые питьевые воды менее 0,8л","вкусовые питьевые воды менее 0,8л",67187334.69,449311
Замороженные смеси  для напитков,замороженные смеси  для напитков,67102073.00999998,183886
Чеснок,чеснок,66896714.99999995,799876
"Лук красный, белый","лук красный, белый",66506902.22999999,644402
Свинина стейки охлажденные,свинина стейки охлажденные,66181882.299999975,181674
Шарики,шарики,65520773.60999998,392122
Полуфабрикаты рубленные из курицы охлажденные,полуфабрикаты рубленные из курицы охлажденные,65034215.07999999,153741
Пластовой творог,пластовой творог,64760521.320000015,350946
Протертые ягоды,протертые ягоды,64728602.08999999,424327
Рис варочный пакет,рис варочный пакет,63793389.879999995,613840
Мясо птицы в маринаде стейковое охлажденное,мясо птицы в маринаде стейковое охлажденное,63667388.37000001,192381
Печенье затяжное,печенье затяжное,63614725.119999975,626521
Томаты,томаты,63418164.96,259409
Сулугуни,сулугуни,63409813.98999999,241542
Кофе в капсулах классический,кофе в капсулах классический,63227716.36999998,137457
Морская соль,морская соль,63227054.85000001,579408
Багеты,багеты,62873227.72999997,645131
Йогурты пастеризованные детские старше 3-х лет,йогурты пастеризованные детские старше 3-х лет,62425506.979999974,570085
"Капуста цветная, брокколи","капуста цветная, брокколи",61911261.19999998,295065
Хурма,хурма,61876616.889999986,332663
Пакеты для мусора,пакеты для мусора,61594643.330000006,400317
Дезодоранты женские спреи,дезодоранты женские спреи,61521853.370000005,225306
Джемы,джемы,61272599.88000002,347910
Бальзамы и кондиционеры,бальзамы и кондиционеры,61157699.98000002,138049
Гауда,гауда,60885696.21,272230
Выпечка песочная с начинкой,выпечка песочная с начинкой,60622071.259999976,415120
Батарейки АА,батарейки аа,60299469.25,205547
Подушечки,подушечки,60086551.33000001,378519
Прочие диетические хлебные изделия,прочие диетические хлебные изделия,59713028.799999975,530661
Замороженные торты,замороженные торты,59663604.8,106497
Прочие мучные восточные сладости,прочие мучные восточные сладости,59391571.569999985,219045
Прочие мягкие сычужные сыры,прочие мягкие сычужные сыры,59334209.42999998,243575
"Батончики фруктовые,ореховые,злаковые","батончики фруктовые,ореховые,злаковые",58630440.39,570189
Одноразовые пеленки,одноразовые пеленки,58610003.530000016,163118
Кабели для телефонов и планшетов,кабели для телефонов и планшетов,58478462.820000015,198406
Сухофрукты другие,сухофрукты другие,58396671.43,213565
Копчености мясокостные из частей птицы,копчености мясокостные из частей птицы,58077893.17999997,188142
Хумусы,хумусы,57963844.31999999,255379
Мороженое батончик вкусовое,мороженое батончик вкусовое,57494185.36000001,345597
Песто,песто,57258122.62,175469
Паштеты,паштеты,57108501.21999997,277414
Копчености мякотные из птицы,копчености мякотные из птицы,56677174.02,196972
Сливки жирные 30%-48%,сливки жирные 30%-48%,56434423.099999994,222458
Сыры плавленые в сегментах,сыры плавленые в сегментах,56147467.93999999,369315
Творожные массы,творожные массы,55769527.28000002,175448
Черный чай пакетированный аромат с бергамотом,черный чай пакетированный аромат с бергамотом,55683226.76999999,334143
Укроп,укроп,55331454.24999995,936388
Прочие вторые блюда,прочие вторые блюда,54547316.48,178045
Выпечка прочая,выпечка прочая,54272150.509999976,360180
Средства для прочистки труб и стоков,средства для прочистки труб и стоков,54131966.13,328285
Мясо для запекания и тушения в маринаде охлажденное,мясо для запекания и тушения в маринаде охлажденное,54059382.33999999,127237
Кедровый орех,кедровый орех,54014659.570000015,245411
Чайные напитки пакетированные,чайные напитки пакетированные,53759157.619999975,255739
Мануальные зубные щетки,мануальные зубные щетки,53750377.40999998,210488
Кукурузные палочки,кукурузные палочки,53633105.449999996,512253
Икра белая без соуса,икра белая без соуса,53564926.80000001,235937
Губки для мытья посуды,губки для мытья посуды,53252845.16999999,502681
"Пицца, основа для пиццы, пироги, хби","пицца, основа для пиццы, пироги, хби",53165557.89999999,107309
Редис,редис,52735635.14,365400
Прокладки ежедневные,прокладки ежедневные,52257557.65000001,236638
Влажные корма для взрослых собак всех пород,влажные корма для взрослых собак всех пород,52080641.52000002,315941
Молоко сгущенное с добавками,молоко сгущенное с добавками,51834683.889999986,326440
Чипсы фруктовые/овощные,чипсы фруктовые/овощные,51232382.09999999,316607
"Морсы, компоты детские","морсы, компоты детские",51095037.03,418693
Батарейки ААА,батарейки ааа,49893739.27,184775
Зеленый чай пакетированный аромат с добавками микс,зеленый чай пакетированный аромат с добавками микс,49678164.790000014,328075
Креветки королевские замороженные,креветки королевские замороженные,49667298.62000001,82870
Попкорн для СВЧ,попкорн для свч,49255845.08999998,387910
Рыба холодного копчения Скумбрия,рыба холодного копчения скумбрия,49235925.02999998,129642
"Картофель немытый, не упакованный","картофель немытый, не упакованный",49112829.099999994,364162
Шоколадные конфеты в коробках,шоколадные конфеты в коробках,49109538.940000005,90614
Ватные палочки,ватные палочки,48983060.05999998,387887
Экзотические соусы,экзотические соусы,48846531.82999998,364904
"Негазированные питьевые воды менее 0,8л","негазированные питьевые воды менее 0,8л",48235981.57000001,481655
Арахис,арахис,48217933.95999998,394270
Картофель,картофель,48008447.830000006,317275
Подарочный пакет,подарочный пакет,47614192.390000015,287041
"Замороженные блины, сырники, запеканки","замороженные блины, сырники, запеканки",47473074.669999994,172341
Ароматический диффузор,ароматический диффузор,46173133.75,85730
Овощные супы,овощные супы,46128137.43,265697
Соусы для приготовления прочие,соусы для приготовления прочие,46114606.89999999,295474
Лакомства для взрослых кошек,лакомства для взрослых кошек,46108222.03000001,292454
Сухие корма для собак мелких пород,сухие корма для собак мелких пород,46082084.91,111925
Сумка женская,сумка женская,45523100.35000002,25669
Ряженка традиционная,ряженка традиционная,45326355.78999999,457374
Морской коктейль пресервы,морской коктейль пресервы,44818071.73000001,212101
Фасоль натуральная,фасоль натуральная,44516612.15999999,253473
Бумажные салфетки столовые,бумажные салфетки столовые,44319776.51999997,357272
Грецкий орех,грецкий орех,44271053.0,144914
Белок,белок,44233673.62999999,189469
Черешня,черешня,44040214.39,97812
Консервированный ананас,консервированный ананас,43900372.94,172625
Халва,халва,43759854.809999995,172594
Суп с рыбой,суп с рыбой,43732345.459999986,139408
Пюре картофельное порционное,пюре картофельное порционное,43677210.879999995,394394
Котлеты рыбные,котлеты рыбные,43534293.93999998,145066
Умывание,умывание,43430828.86999998,106396
Фольга,фольга,42790759.55999999,232056
Маски-саше тканевые,маски-саше тканевые,42704296.650000006,211607
Мужские гели,мужские гели,42678048.710000016,111914
Второе и салат,второе и салат,42543163.06,109757
Бумага для выпечки,бумага для выпечки,42375539.82,269783
Кешью,кешью,42218422.45999999,130419
Печенье овсяное традиционное,печенье овсяное традиционное,41936911.050000004,195059
Растительные продукты моря,растительные продукты моря,41755381.87,357889
"Сало, шпик","сало, шпик",41612022.42,213259
"Куличи весом до 0,2 кг","куличи весом до 0,2 кг",41507054.03999999,172681
Увлажнение и питание кожи рук,увлажнение и питание кожи рук,41316482.92999999,163782
Прочие закуски,прочие закуски,41311547.989999995,178920
Хлопья,хлопья,41311016.76999999,256278
Смеси в мельницах,смеси в мельницах,40709364.66999998,209200
Кухня кофе с молоком,кухня кофе с молоком,40620200.73000001,196920
Сухие корма для собак всех пород,сухие корма для собак всех пород,40547529.60000001,66595
Сушки,сушки,40299750.440000005,376970
Блоки для унитаза,блоки для унитаза,40228173.239999995,154202
Сушенные моно травы,сушенные моно травы,39963337.50000001,300100
Кухня сэндвичи,кухня сэндвичи,39794980.410000004,134803
Мясо курицы стейковое охлажденное,мясо курицы стейковое охлажденное,39770641.00000001,131441
Гречневая крупа варочный пакет,гречневая крупа варочный пакет,39721142.72999998,429084
Икра кабачковая,икра кабачковая,39697336.709999986,276300
Игровые наборы и фигурки,игровые наборы и фигурки,39678227.89,67066
Кухня выпечка сладкая,кухня выпечка сладкая,39328117.83000001,171390
Мясо птицы в маринаде и шашлык охлажденные,мясо птицы в маринаде и шашлык охлажденные,39236102.01,96703
Капуста прочая,капуста прочая,38955278.699999996,201957
Яйцо куриное первой категории,яйцо куриное первой категории,38932236.25999998,313687
Влажные корма для котят,влажные корма для котят,38607451.63000001,300279
Ароматическая свеча,ароматическая свеча,38529026.469999984,76912
Безалкогольное вино,безалкогольное вино,38372073.160000004,87938
Грудка куриная охлажденная,грудка куриная охлажденная,38266392.13,109827
Яйцо куриное отборной категории,яйцо куриное отборной категории,37832084.09000001,265414
"Соки и нектары более 1,5л","соки и нектары более 1,5л",37710353.44000002,150112
"Соки и нектары до 0,5л","соки и нектары до 0,5л",37550083.33,317975
Шоколадный фигурный прочий,шоколадный фигурный прочий,37525157.41,132715
Паштеты консервированные овощные,паштеты консервированные овощные,37509259.60999999,131501
Сельдерей стебли,сельдерей стебли,37500498.719999984,223512
Миндаль,миндаль,37330204.400000006,169520
Чистящие средства для мытья пола,чистящие средства для мытья пола,37298655.089999996,169804
Копчености из мясной свинины,копчености из мясной свинины,37090452.09,145581
Фарш свиной,фарш свиной,36982302.85000001,179300
Холодные супы,холодные супы,36949722.769999996,132851
Жевательные конфеты,жевательные конфеты,36930044.18,369947
Черный чай байховый классический,черный чай байховый классический,36862395.17,168530
Кукуруза свежая,кукуруза свежая,36607554.46999999,183623
Увлажнение и питание кожи тела,увлажнение и питание кожи тела,36353148.330000006,75301
Лососи холодного копчения,лососи холодного копчения,36078763.36999999,100392
"Одеколоны, духи, воды унисекс","одеколоны, духи, воды унисекс",36010843.970000006,5072
Топпинги,топпинги,35501127.650000006,185538
Рыба холодного копчения Прочие,рыба холодного копчения прочие,35364793.139999986,105205
Творожные изделия детские старше 3-х лет,творожные изделия детские старше 3-х лет,35250428.26000001,309406
"Котлеты, мясные ПФ","котлеты, мясные пф",35166290.99000001,134178
Свекла,свекла,34904609.91,452001
Оливки фаршированные,оливки фаршированные,34706742.62,152525
Шампуни сухие и твердые,шампуни сухие и твердые,34245730.349999994,84376
Пакеты для хранения продуктов,пакеты для хранения продуктов,34225743.31999998,362586
Замороженные фруктово-ягодные смеси,замороженные фруктово-ягодные смеси,34095885.28000001,114952
Рулеты,рулеты,34067174.949999996,167198
Маски-саше прочие,маски-саше прочие,34061824.83,134384
Маринованные грибы,маринованные грибы,34028293.99,151825
Чили соусы,чили соусы,34027549.22999999,217723
Персики и нектарины,персики и нектарины,33352027.12999999,140088
Печенье овсяное с добавками,печенье овсяное с добавками,33178041.599999998,179996
Пеленки и салфетки,пеленки и салфетки,32938288.059999995,148058
Какао порошок,какао порошок,32679716.990000002,131649
Брынза,брынза,32492453.569999997,131183
Детские средства для стирки,детские средства для стирки,32287928.289999988,83555
Рикотта,рикотта,32060828.630000006,212566
Слоеные изделия,слоеные изделия,31874984.700000007,292766
Рис экзотика,рис экзотика,31798091.73,164026
Какао напиток,какао напиток,31783677.889999997,167849
Кинза,кинза,31691705.83999999,413362
Холодный кофе,холодный кофе,31607331.690000005,150783
Охлажденная выпечка сдобная с начинкой,охлажденная выпечка сдобная с начинкой,31525708.400000002,193077
Лапша,лапша,31222999.880000003,230641
Кексы,кексы,31120043.200000007,157349
Закуски из фасоли,закуски из фасоли,31079429.209999993,208989
Фасоль в томатном соусе,фасоль в томатном соусе,30907477.6,169168
Декорирование пасхальных яиц,декорирование пасхальных яиц,30779728.39,225972
Моллюски замороженные,моллюски замороженные,30743912.020000003,79835
Скрабы и пилинги,скрабы и пилинги,30686735.08,69812
Сахар прессованный белый,сахар прессованный белый,30299935.719999995,323398
Рис круглозерный,рис круглозерный,30175997.980000004,224543
Консервированный персик,консервированный персик,30124088.35,157537
"Кофейные напитки, содержащие кофе","кофейные напитки, содержащие кофе",30091625.25,460171
Прочие орехи,прочие орехи,29793579.980000015,121226
Горчица столовая,горчица столовая,29790846.66000001,367343
Специальные формы,специальные формы,29789288.189999994,178112
Шпроты,шпроты,29784499.40999999,118406
"Лак, жидкость для фиксации волос","лак, жидкость для фиксации волос",29446127.970000006,65604
Бег,бег,29391667.589999996,6286
Дезодоранты мужские спреи,дезодоранты мужские спреи,29130258.070000004,74479
Кофе порошковый,кофе порошковый,29096144.56,66282
Майонезный соус,майонезный соус,29024294.49,275718
Чечил традиционных форм,чечил традиционных форм,28880738.7,130692
Баклажаны,баклажаны,28052725.58999999,152390
Лакомства для собак средних и крупных пород,лакомства для собак средних и крупных пород,27988201.690000005,129751
Конфеты суфлейные,конфеты суфлейные,27979078.989999995,124798
Перец в мельницах,перец в мельницах,27786810.299999993,132113
Рис среднезерный,рис среднезерный,27582073.130000003,171965
Мягкие вафли,мягкие вафли,27580574.19999999,248074
Овощные миксы консервированные,овощные миксы консервированные,27336887.750000004,151942
Лубриканты,лубриканты,27335073.979999997,43433
Зельцы,зельцы,27314017.650000002,93354
Подгузники,подгузники,27188906.46,26892
Зеленый чай пакетиров аромат с цветоч-травян добав,зеленый чай пакетиров аромат с цветоч-травян добав,27110842.209999993,152858
Фигурные изделия,фигурные изделия,27092056.79999999,165730
Бумага для офисной техники,бумага для офисной техники,26886354.7,52275
Мороженое большой брикет классическое,мороженое большой брикет классическое,26523709.83000001,126180
Мягкие игрушки,мягкие игрушки,26490683.89,74053
Яйцо перепелиное,яйцо перепелиное,26473020.010000005,158127
"Вилки, ложки, ножи одноразовые","вилки, ложки, ножи одноразовые",26333402.389999993,258675
Карамель леденцовая,карамель леденцовая,26303583.12,326943
Помады для губ,помады для губ,25964728.019999992,39592
Кухня суп с птицей,кухня суп с птицей,25765204.379999988,112048
Бальзамы для губ,бальзамы для губ,25687475.280000012,93048
Влажные салфетки универсальные,влажные салфетки универсальные,25550786.679999992,209819
Кальмары замороженные,кальмары замороженные,25293146.380000003,49440
Томаты вяленые,томаты вяленые,25174202.98999999,119315
Купаты и колбаски из мяса птицы охлажденные,купаты и колбаски из мяса птицы охлажденные,25142027.80999999,93638
Рюкзак для мужчин,рюкзак для мужчин,25041519.900000006,34434
Замороженная фасоль,замороженная фасоль,24796899.55000001,143174
Чайные напитки байховые,чайные напитки байховые,24641870.18,94546
Вермишель,вермишель,24565552.120000005,255771
Ополаскиватели и бальзамы,ополаскиватели и бальзамы,24316828.24000001,84644
Добавки для ПММ,добавки для пмм,24283044.679999996,56339
Сухари,сухари,24215378.01,212177
Влажные корма для взрослых собак средн/крупн пород,влажные корма для взрослых собак средн/крупн пород,24160911.050000004,70650
Елочные игрушки,елочные игрушки,24055401.240000002,61689
Айран,айран,24039328.389999993,196274
Черный чай пакетиров аромат с фрукт-ягод добавками,черный чай пакетиров аромат с фрукт-ягод добавками,23859866.820000004,181279
Черный чай пакетиров аромат с цветоч-травян добав,черный чай пакетиров аромат с цветоч-травян добав,23843303.74,146797
Тушь для ресниц,тушь для ресниц,23708129.800000004,38654
Чистящие средства для ванной,чистящие средства для ванной,23668726.380000003,89089
Грибы прочие,грибы прочие,23574222.410000004,140960
Конструкторы LEGO,конструкторы lego,23538874.040000003,10300
Грейпфрут,грейпфрут,23460699.549999997,154282
Ряженка детская,ряженка детская,23440623.129999995,231735
"Конфитюр, десерты плодовые","конфитюр, десерты плодовые",23217005.689999998,66662
Замороженные блины без начинки,замороженные блины без начинки,23216003.009999994,129839
Рахат-лукум,рахат-лукум,23204657.77,119613
Гирлянда электрическая,гирлянда электрическая,23039133.76,71539
Сиропы,сиропы,23026847.690000005,69583
Концентрированный сок,концентрированный сок,22999193.430000003,161150
Выпечка песочная без начинки,выпечка песочная без начинки,22914247.27999999,202553
Икра имитированная,икра имитированная,22770046.330000002,172407
Консервы из печени и прочих субпродуктов,консервы из печени и прочих субпродуктов,22466334.5,62123
Сливочные сыры,сливочные сыры,22310076.03000001,121681
Чистящие средства для кухни,чистящие средства для кухни,22287445.76,92589
Лайм,лайм,22232993.32,155317
Джинсы для женщин,джинсы для женщин,22208861.180000003,12406
Консервы рыбные с добавлением масла прочие,консервы рыбные с добавлением масла прочие,22112222.599999998,89387
Молоко топленое,молоко топленое,21833452.630000003,172597
Замороженная капуста брокколи,замороженная капуста брокколи,21488284.06,100616
Чернослив,чернослив,21436737.279999997,135886
Готовые смеси круп и бобов,готовые смеси круп и бобов,21381265.89,149408
Сетевые зарядные устройства,сетевые зарядные устройства,21334492.820000004,38776
Шампуни мужские,шампуни мужские,21275587.690000005,51788
Патчи,патчи,21196000.980000008,52053
Перчатки,перчатки,21144700.69,149936
Полуфабрикаты из мяса птицы в панировке и кляре охлажденные,полуфабрикаты из мяса птицы в панировке и кляре охлажденные,21130334.750000007,92200
Яйцо готовое копченое перепелиное,яйцо готовое копченое перепелиное,21090788.880000006,77679
Кухня пицца овощная,кухня пицца овощная,21043661.680000003,35702
"Одеколоны, духи, воды мужские","одеколоны, духи, воды мужские",21043326.089999996,4024
Зеленый чай байховый аромат с добавками микс,зеленый чай байховый аромат с добавками микс,20777571.489999995,84395
Части индейки охлажденные,части индейки охлажденные,20600289.220000006,79047
Лапша для азиатских блюд,лапша для азиатских блюд,20448998.790000003,107216
Подарочные наборы чайные,подарочные наборы чайные,20299166.369999997,50101
Пироги и киши,пироги и киши,20018566.799999993,109725
Чистящие средства универсальные,чистящие средства универсальные,19848134.659999996,64291
Кофе в капсулах вкусовой,кофе в капсулах вкусовой,19838314.269999996,33601
Кусковое основное,кусковое основное,19836075.999999996,170880
Снэки из морепродуктов,снэки из морепродуктов,19719593.270000003,127635
Кремы уход,кремы уход,19656292.069999993,29256
Фундук,фундук,19242045.61,91218
Петрушка,петрушка,19157742.270000003,324731
Прочие средства для душа,прочие средства для душа,19139693.86,52228
Аква спреи (жидкие),аква спреи (жидкие),19084976.87000001,59570
Воды минеральные от 3л,воды минеральные от 3л,18930786.18,58822
Каша сухая молочная,каша сухая молочная,18716172.21000001,82668
Микрозелень,микрозелень,18694758.300000004,100800
Чистящие средства для мытья стекол,чистящие средства для мытья стекол,18602159.710000005,92074
Лечение волос,лечение волос,18552746.73,45414
Кефир детский,кефир детский,18509610.799999997,180177
Сливы,сливы,18299867.959999997,72633
Смартфоны Apple,смартфоны apple,18243069.62,220
Тональные средства,тональные средства,18195543.330000002,15944
Мицеллярные средства,мицеллярные средства,17997160.43,60030
Пятновыводители,пятновыводители,17948967.740000002,50868
Пшеничная крупа рассыпная,пшеничная крупа рассыпная,17936345.770000003,129710
"Функциональный хлеб (кукурузный, льняной)","функциональный хлеб (кукурузный, льняной)",17841480.01,196031
Полукопченые колбаски,полукопченые колбаски,17736410.089999992,90486
Мука разнозлаковая,мука разнозлаковая,17694822.679999996,145062
Умные колонки,умные колонки,17673040.770000003,3174
Смузи,смузи,17375675.99000001,127011
Кухня паста,кухня паста,17083328.530000005,50054
Суфле,суфле,16987397.77,88348
Прочие детские аксессуары,прочие детские аксессуары,16960994.43,63509
Смеси для приготовления супа,смеси для приготовления супа,16866640.18,108689
Тарелки,тарелки,16753741.339999998,27460
Творожные сырки,творожные сырки,16678619.569999998,178186
Дезодоранты мужские стики,дезодоранты мужские стики,16493167.209999999,42344
Говядина мраморная охлажденная,говядина мраморная охлажденная,16268968.240000002,16417
Курага,курага,16172809.380000003,72825
Чак-чак,чак-чак,16055398.870000001,62750
Бады для красоты,бады для красоты,15858530.510000004,15414
Карамель на палочке,карамель на палочке,15819551.400000004,234684
Паштеты рыбные консервированные,паштеты рыбные консервированные,15809975.879999999,88768
Товары для лепки,товары для лепки,15790082.62,58487
Каша в порционном пакете,каша в порционном пакете,15534392.319999998,121639
Для бритья пены,для бритья пены,15465603.399999997,62533
Мармелад,мармелад,15443331.36,127606
Овощные консервы детские,овощные консервы детские,15374002.440000009,125875
Дезодоранты женские стики,дезодоранты женские стики,15339495.020000005,46043
Кухня блины,кухня блины,15222408.39,56927
Десерты из фруктов,десерты из фруктов,15213472.269999998,89901
Соли для ванн,соли для ванн,15169498.12,38733
Влажные салфетки для уборки,влажные салфетки для уборки,15004288.040000003,139664
"Кола от 0,8л","кола от 0,8л",14841290.150000002,156003
Лечо,лечо,14760228.690000001,56248
Замороженные пироги для приготовления,замороженные пироги для приготовления,14693646.869999997,32635
Рис пропаренный,рис пропаренный,14645627.14,85955
Жидкое детское мыло,жидкое детское мыло,14514365.840000002,61986
Ароматы для дома прочее,ароматы для дома прочее,14482758.390000004,52979
Арахис вкусовой,арахис вкусовой,14089415.99,106260
Мидии пресервы,мидии пресервы,14039674.95,79562
Для бритья гели,для бритья гели,13883690.720000004,38298
Детская влажная туалетная бумага,детская влажная туалетная бумага,13735060.63,122919
Замороженные блины сладкие,замороженные блины сладкие,13714463.540000001,60122
Крепеж,крепеж,13427221.449999997,72504
Сыворотки для лица,сыворотки для лица,13423739.94,19980
Блеск для губ,блеск для губ,13304476.179999992,29944
Лимонная кислота,лимонная кислота,13265915.129999999,170370
Манная крупа,манная крупа,13225563.51,168835
Семечки тыквенные,семечки тыквенные,13179231.18,59199
Абразивные чистящие порошки,абразивные чистящие порошки,13148569.65,108561
Кухня сырники и запеканки,кухня сырники и запеканки,13138592.370000003,42705
Консервы сельдевые натуральные,консервы сельдевые натуральные,13138378.100000001,69585
Круассаны с сытной начинкой,круассаны с сытной начинкой,13059366.879999997,74674
Наборы подарочные косметические женские,наборы подарочные косметические женские,13038978.279999997,10695
Ель искусственная,ель искусственная,12894347.32,10825
Компоты,компоты,12882255.13,46971
Лавровый лист,лавровый лист,12841751.489999998,145103
Консервы из мяса свинины,консервы из мяса свинины,12685032.129999999,40287
Наушники TWS,наушники tws,12540796.950000001,11183
Масло с наполнителями,масло с наполнителями,12529718.4,56249
Фруктовые десерты,фруктовые десерты,12459641.520000001,118694
Десерты на растительной основе,десерты на растительной основе,12436883.890000004,94842
Прочие кисломолочные традиционные продукты,прочие кисломолочные традиционные продукты,12418991.069999998,124476
Конфеты ирис классический,конфеты ирис классический,12358929.68,116217
"Ручки, стержни","ручки, стержни",12312157.039999995,76492
Блюда постные,блюда постные,12298184.91,62501
Консервы из мяса птицы,консервы из мяса птицы,12057566.9,48344
Замороженные мясные полуфабрикаты для приготовления,замороженные мясные полуфабрикаты для приготовления,12046065.739999998,29587
Вафельные хлебцы,вафельные хлебцы,12025655.400000002,133801
Развивающие игрушки,развивающие игрушки,11891525.530000001,16147
"Ботинки, полуботинки, ботильоны","ботинки, полуботинки, ботильоны",11802577.9,3800
Хвойное,хвойное,11790035.040000001,19349
"Стаканы, кружки, рюмки одноразовые","стаканы, кружки, рюмки одноразовые",11756239.74,68641
Карамель в глазури,карамель в глазури,11683431.260000004,78855
Чечевица прочая,чечевица прочая,11667501.29,89377
Влажные корма для взрослых собак малых пород,влажные корма для взрослых собак малых пород,11659574.650000002,86184
Жидкое для интимной гигиены,жидкое для интимной гигиены,11575079.809999997,36031
Экструзионные хлебцы,экструзионные хлебцы,11526020.460000003,128493
"Квас менее 0,8л","квас менее 0,8л",11421651.410000006,91736
Водоросли,водоросли,11410540.299999997,51734
Подарочные наборы,подарочные наборы,11391550.389999997,5215
Томатные продукты,томатные продукты,11357460.560000002,61435
Брюки женские,брюки женские,11274357.900000002,9362
Разрыхлитель,разрыхлитель,11152081.090000005,377659
Джинсы для мужчин,джинсы для мужчин,11073265.240000002,3060
Ароматическое саше,ароматическое саше,11045461.690000003,51533
Инструменты для маникюра и педикюра,инструменты для маникюра и педикюра,11006842.690000003,50473
Системные кассеты,системные кассеты,10898677.95,10291
Маскарпоне,маскарпоне,10879430.039999997,38759
Черный чай байховый аромат с бергамотом,черный чай байховый аромат с бергамотом,10844524.09,47173
Соль для ванн детская,соль для ванн детская,10742868.719999997,29998
"Толстовка, худи для мужчин","толстовка, худи для мужчин",10732892.239999998,6545
Свечи для торта,свечи для торта,10683545.160000002,81419
Кухня суп с мясом,кухня суп с мясом,10511879.56,46213
Прочие пресервы из морепродуктов,прочие пресервы из морепродуктов,10489176.669999998,40324
Финики,финики,10283974.5,46172
Ягоды прочие виды,ягоды прочие виды,10212631.030000001,18654
Кухня суп с рыбой,кухня суп с рыбой,10212201.060000002,19863
Прочие средства для ухода за полостью рта,прочие средства для ухода за полостью рта,10089273.769999998,34112
Дезодоранты женские ролики,дезодоранты женские ролики,10087402.260000002,43144
Ванилин,ванилин,10017205.909999995,375426
Пуховик для мужчин,пуховик для мужчин,9944748.470000003,9329
Овощи шинкованные,овощи шинкованные,9942099.740000002,89897
Пуховик для женщин,пуховик для женщин,9941907.290000001,11469
Саше д/шкафов и комодов,саше д/шкафов и комодов,9864541.1,17232
Перец консервированный острый,перец консервированный острый,9824521.370000001,55328
Кухня вторые блюда прочее,кухня вторые блюда прочее,9779856.299999997,26240
Смеси к мясу,смеси к мясу,9751245.279999997,88273
"Зерна, пророщенные злаки","зерна, пророщенные злаки",9742029.170000002,91809
"Газированные питьевые воды менее 0,8л","газированные питьевые воды менее 0,8л",9710709.429999996,104608
Консервы рыбные с добавками,консервы рыбные с добавками,9685599.92,31174
Клеи,клеи,9681810.2,98780
Лакомства для собак малых пород,лакомства для собак малых пород,9519558.820000002,62680
Тарелки одноразовые,тарелки одноразовые,9506937.39,42948
Жилет для женщин,жилет для женщин,9468200.370000001,3523
Кухня блюда с морепродуктами,кухня блюда с морепродуктами,9438229.779999997,25061
Детские зубные пасты,детские зубные пасты,9374804.92,38701
Консервы из кильки в томатном соусе,консервы из кильки в томатном соусе,9357081.219999999,74278
Консервированные фрукты прочих видов,консервированные фрукты прочих видов,9353729.450000001,45332
Прочие пресервы из рыбы,прочие пресервы из рыбы,9291930.6,46555
Малина,малина,9253672.550000003,16962
Рыба горячего копчения,рыба горячего копчения,9250326.81,24356
Смеси для оладий,смеси для оладий,9190060.890000004,76246
Хлебные палочки,хлебные палочки,9018657.43,82091
Зеленый чай пакетированный классический,зеленый чай пакетированный классический,8992934.62,56933
Аксессуары для волос детские,аксессуары для волос детские,8970569.090000002,70064
"Наггетсы, палочки рыбные","наггетсы, палочки рыбные",8900946.83,29889
Запеканки,запеканки,8859540.35,49858
Охлажденная выпечка прочая,охлажденная выпечка прочая,8836071.309999997,42633
Футболка для мужчин,футболка для мужчин,8807794.520000001,6508
Замороженные овощные полуфабрикаты,замороженные овощные полуфабрикаты,8757917.809999995,29327
Копчености из беконной свинины,копчености из беконной свинины,8701115.65,36778
Коррекция,коррекция,8691546.969999997,11243
Зубочистки и подставки для зубочисток,зубочистки и подставки для зубочисток,8691234.1,68939
Хлопья гречневые,хлопья гречневые,8644342.600000001,82680
Рис длиннозерный,рис длиннозерный,8612564.84,51106
Крахмал,крахмал,8458819.129999997,100315
Куклы,куклы,8453003.580000002,6598
Закуски из баклажан,закуски из баклажан,8350454.809999999,47936
Мидии замороженные,мидии замороженные,8342639.92,19125
Орехи ассорти,орехи ассорти,8342029.719999999,38159
Капуста с добавками,капуста с добавками,8319802.489999998,65573
Ролики и сменные блоки для чистки одежды,ролики и сменные блоки для чистки одежды,8270100.7700000005,17570
Жидкий кофейный концентрат,жидкий кофейный концентрат,8220345.040000001,32409
Газированные сокосодержащие напитки,газированные сокосодержащие напитки,8193191.69,37303
Пластыри,пластыри,8180343.53,46601
Куртка для мужчин,куртка для мужчин,8177493.590000002,2196
Капучинатор,капучинатор,8170273.199999998,29856
Замороженные бульоны,замороженные бульоны,8157919.889999999,31886
Абрикосы,абрикосы,8153091.99,26953
Защита от солнца,защита от солнца,8147956.72,18235
Кеды для женщин,кеды для женщин,8147517.89,4720
Кеды для мужчин,кеды для мужчин,8131851.48,3226
Корень имбиря,корень имбиря,8111882.619999998,65328
Безалкогольное пиво прочее,безалкогольное пиво прочее,8091163.039999998,51642
Спаржа,спаржа,8074189.010000001,26835
Сабо для мужчин,сабо для мужчин,8028326.150000001,5247
Сухие корма для щенков,сухие корма для щенков,7986793.0299999975,19298
Лук прочий,лук прочий,7951211.77,63004
Изюм,изюм,7946645.940000001,28944
Смеси прочие,смеси прочие,7909078.960000002,79057
Ноутбук,ноутбук,7894195.710000001,134
Кухня холодный кофе,кухня холодный кофе,7796483.160000001,33857
Цикорий,цикорий,7778609.840000001,34530
Чеддер,чеддер,7765801.800000001,33733
Тени для век,тени для век,7724974.0200000005,11779
Полуфабрикаты из мяса в панировке и кляре охлажденные,полуфабрикаты из мяса в панировке и кляре охлажденные,7717647.309999998,38956
Треккинговая обувь,треккинговая обувь,7704029.450000002,4882
"Кружки, бутылки","кружки, бутылки",7676510.310000001,15907
"Икра баклажанная, овощная и прочая","икра баклажанная, овощная и прочая",7669944.3199999975,50637
Крупы прочие,крупы прочие,7596300.850000003,30903
"Записные книжки, блокноты","записные книжки, блокноты",7534979.320000003,32432
Брюки спортивные для мужчин,брюки спортивные для мужчин,7520977.880000002,3369
Пшеничная крупа варочный пакет,пшеничная крупа варочный пакет,7484393.93,77696
Игрушки-антистресс,игрушки-антистресс,7450706.96,36976
Конфеты желейные,конфеты желейные,7449269.830000001,60978
Дрожжи,дрожжи,7389213.129999998,181226
Жевательная резинка пластины,жевательная резинка пластины,7370343.86,90896
Кухня холодный лимонад,кухня холодный лимонад,7342567.720000002,34476
Копчености вареные,копчености вареные,7328210.020000001,19914
Батарейки Таблетки,батарейки таблетки,7147346.369999999,24419
Уксус столовый,уксус столовый,7139353.289999999,121796
"Платье, сарафан","платье, сарафан",7102794.209999999,5902
Пудры,пудры,7072753.1899999995,9603
Книги с наклейками,книги с наклейками,7016867.500000003,31709
Конструкторы,конструкторы,7016268.590000001,9468
"Джемпер, пуловер","джемпер, пуловер",6995746.679999999,9900
От клещей,от клещей,6978212.73,18393
Брелок,брелок,6969003.07,31123
Брюки для мужчин,брюки для мужчин,6919779.5200000005,4357
Синтетические заменители сахара,синтетические заменители сахара,6911920.919999999,27725
Рюкзак для женщин,рюкзак для женщин,6828001.44,7933
Охлажденная выпечка песочная с начинкой,охлажденная выпечка песочная с начинкой,6749816.319999999,31849
Фен,фен,6689699.26,928
Пленка пищевая,пленка пищевая,6675957.649999999,72876
Кофе молотый в дрип-пакетах,кофе молотый в дрип-пакетах,6675382.77,2315
Настольные игры семейные,настольные игры семейные,6667934.150000001,34336
Пшено рассыпное,пшено рассыпное,6654170.970000001,73312
Развивающая литература,развивающая литература,6610506.3,31310
Тыква,тыква,6592714.189999998,36773
Масло топленое,масло топленое,6583639.609999999,11842
Интерактивные игрушки,интерактивные игрушки,6566911.53,16221
Кухня каши,кухня каши,6566220.03,25862
Драже функциональное,драже функциональное,6545998.4799999995,57550
Ряженка с добавками,ряженка с добавками,6537510.39,63706
Чистящие средства для оргтехники,чистящие средства для оргтехники,6530532.969999999,28724
Товары для акции лояльности,товары для акции лояльности,6510888.94,53304
Значки,значки,6433253.710000001,22451
Растительные ассортиментные масла прочих видов,растительные ассортиментные масла прочих видов,6422575.120000002,16949
Антисептики,антисептики,6407097.110000001,47076
Портативные зарядные устройства,портативные зарядные устройства,6371846.84,6569
Комплектующие и лампочки,комплектующие и лампочки,6354360.7299999995,25141
Наборы декоративной косметики подарочные,наборы декоративной косметики подарочные,6352417.819999999,2943
Стейки в маринаде охлажденные,стейки в маринаде охлажденные,6326990.629999999,17297
Соль со специями,соль со специями,6317395.719999998,45887
Ручной инструмент,ручной инструмент,6312660.629999998,6282
Носки унисекс,носки унисекс,6305961.290000002,27104
Замороженные альтернативные полуфабрикаты,замороженные альтернативные полуфабрикаты,6304205.170000003,14943
Носки женские,носки женские,6289340.259999998,25969
Замороженная рыбная гастрономия,замороженная рыбная гастрономия,6271417.8100000005,11104
Возбуждающие средства прочие,возбуждающие средства прочие,6198972.45,8400
Рукава для запекания,рукава для запекания,6197943.239999999,76909
Аэрозольные освежители воздуха,аэрозольные освежители воздуха,6178434.399999999,20054
Порционное питание,порционное питание,6171919.550000001,36256
Сопутствующие товары прочие,сопутствующие товары прочие,6124412.23,35989
Фруктовые нарезки,фруктовые нарезки,6093848.439999999,21760
Бобы,бобы,6011620.529999999,21799
Горячий шоколад пакетированный,горячий шоколад пакетированный,6009210.990000001,77821
Игрушечный транспорт,игрушечный транспорт,5963771.89,8916
Румяна,румяна,5955984.430000002,11460
Томаты черри,томаты черри,5954909.6,23954
Пальто для женщин,пальто для женщин,5779185.249999999,1343
Ботинки для женщин,ботинки для женщин,5740393.3,1827
Яйцо готовое копченое куриное,яйцо готовое копченое куриное,5657614.170000001,34596
Открытки,открытки,5636423.000000001,33796
Сковороды,сковороды,5627285.9,3929
Футболка для женщин,футболка для женщин,5562912.8100000005,7543
Тоник,тоник,5550450.889999999,13550
Консервы скумбриевые с добавлением масла,консервы скумбриевые с добавлением масла,5536078.069999999,21963
Детская художественная литература,детская художественная литература,5528858.529999997,28626
"Толстовка, худи для женщин","толстовка, худи для женщин",5486904.149999999,3138
Эдам,эдам,5470608.6899999995,28756
Комплект резинок для волос,комплект резинок для волос,5427259.690000001,23807
Мюсли,мюсли,5419919.899999998,34845
Питание и уход,питание и уход,5381001.53,1851
Для грызения,для грызения,5368540.0200000005,19222
Запасной блок для ролик-щетки,запасной блок для ролик-щетки,5348757.159999999,18751
Полотенце 50х70,полотенце 50х70,5315537.229999999,6695
Гнезда,гнезда,5314226.769999999,39294
Полотенце 30х50,полотенце 30х50,5313907.520000001,8593
Мороженое батончик классическое,мороженое батончик классическое,5307791.85,25427
Карандаши для глаз,карандаши для глаз,5277262.86,12488
Дыня,дыня,5240884.029999998,16904
Желатин,желатин,5216619.699999998,54362
Винегрет,винегрет,5205646.64,23339
Подводки для глаз,подводки для глаз,5182602.93,9448
Кухня горячий чай,кухня горячий чай,5119219.0200000005,30197
"Корректоры, консилеры","корректоры, консилеры",5065761.440000001,10197
Перчатки для уборки,перчатки для уборки,5050547.27,27990
Кухня газированные напитки,кухня газированные напитки,5018504.469999999,20536
Свечи,свечи,5007568.029999998,13221
Релаксация,релаксация,4930014.1499999985,34645
Ассорти из овощей,ассорти из овощей,4928947.930000001,22297
Замороженные мясные полуфабрикаты готовые,замороженные мясные полуфабрикаты готовые,4905835.42,14090
Замороженные смеси для напитков,замороженные смеси для напитков,4874543.389999998,21211
Заколка бижутерная,заколка бижутерная,4861393.529999999,25782
Горох рассыпной,горох рассыпной,4830644.6400000015,54309
Тан,тан,4827382.66,46047
Увлажнение и питание кожи ног,увлажнение и питание кожи ног,4822701.31,16112
Наборы одноразовой посуды,наборы одноразовой посуды,4807704.91,63577
Босоножки,босоножки,4760169.06,2667
Кухонные принадлежности прочие,кухонные принадлежности прочие,4723131.97,21866
Дразнилки,дразнилки,4685023.62,19662
Кухня блюда с рыбой,кухня блюда с рыбой,4672920.410000001,10036
Расчески,расчески,4642949.5,19407
Средства от комаров,средства от комаров,4618462.529999999,14194
Детские зубные щетки,детские зубные щетки,4594367.32,15426
Наборы тарелок,наборы тарелок,4496607.24,4472
Прочие виды вяленой рыбы,прочие виды вяленой рыбы,4481406.659999998,34190
Свитшот для мужчин,свитшот для мужчин,4480520.239999999,3520
Спонжи,спонжи,4477750.2700000005,34082
Туфли для женщин,туфли для женщин,4477551.47,1950
Молоко козье,молоко козье,4476994.990000001,26920
Пресервы ассорти,пресервы ассорти,4472714.670000001,10338
Настольные игры детские,настольные игры детские,4446845.38,12028
Формы для выпечки,формы для выпечки,4386013.720000001,59273
"Сорочки, рубашки для мужчин","сорочки, рубашки для мужчин",4377887.14,3599
"Гирлянды-растяжки, подвесные украшения","гирлянды-растяжки, подвесные украшения",4353877.410000001,22825
Фарш из мяса птицы смешанный охлажденный,фарш из мяса птицы смешанный охлажденный,4350095.359999999,16796
Бокалы и фужеры,бокалы и фужеры,4332669.739999999,8434
Креветки в маринаде,креветки в маринаде,4325807.399999999,5280
Гели для бровей,гели для бровей,4316213.940000001,13430
Шампунь детский,шампунь детский,4281505.609999999,14998
"Маркеры, текстовыделители","маркеры, текстовыделители",4264130.66,21832
Шашлык из мяса птицы охлажденный,шашлык из мяса птицы охлажденный,4184970.48,7613
Сыры плавленые в фольге,сыры плавленые в фольге,4179575.409999999,43465
Горнолыжная и сноубордическая одежда,горнолыжная и сноубордическая одежда,4146400.1199999987,1562
Свитер для женщин,свитер для женщин,4140506.9299999997,4792
Фильтры-кувшины,фильтры-кувшины,4106905.6800000006,6351
Карандаши для губ,карандаши для губ,4058093.99,11217
Перловая крупа варочный пакет,перловая крупа варочный пакет,4057394.27,57188
Брюки спортивные для женщин,брюки спортивные для женщин,4056904.2899999996,3205
Разливные напитки,разливные напитки,4048360.04,21267
Арбуз основной,арбуз основной,4023540.8799999994,3968
Черный чай байховый аромат с добавками микс,черный чай байховый аромат с добавками микс,4001189.95,13870
Аксессуары для лица и тела,аксессуары для лица и тела,3947567.2499999995,24226
Прочие Android смартфоны,прочие android смартфоны,3946170.4499999997,280
Кухня завтраки прочее,кухня завтраки прочее,3909415.2600000002,14547
Бальзам для губ,бальзам для губ,3864223.0700000008,8819
Семечки подсолнечника очищенные,семечки подсолнечника очищенные,3863790.290000001,45013
Сумка мужская,сумка мужская,3846731.85,1842
Козий/Овечий,козий/овечий,3825227.4000000004,11080
Сливки растительные,сливки растительные,3813732.7499999995,18887
Походы,походы,3812609.66,1489
"Гель, воск, прочее","гель, воск, прочее",3789718.5900000003,8505
Пижамы детские,пижамы детские,3765882.0600000005,8650
Верхняя одежда куртки для мальчиков,верхняя одежда куртки для мальчиков,3744331.1600000006,4976
Охлажденная выпечка песочная  с начинкой,охлажденная выпечка песочная  с начинкой,3719471.84,21030
Замороженные готовые блюда,замороженные готовые блюда,3714520.1399999997,14557
"Смеси, зажарки","смеси, зажарки",3680123.450000001,26410
Сухие корма для собак средних пород,сухие корма для собак средних пород,3656680.9599999986,3594
Базилик,базилик,3632746.830000001,28076
Прочие средства для очищения,прочие средства для очищения,3592037.7200000007,8825
Бады для здорового сна,бады для здорового сна,3585758.960000001,3309
"Пена(мусс), жидкость для укладки волос","пена(мусс), жидкость для укладки волос",3581588.27,9630
Смеси детские,смеси детские,3568387.7000000007,2007
"Кружки, чашки, блюдца","кружки, чашки, блюдца",3543053.7199999997,9135
Специальные препараты,специальные препараты,3527957.85,6771
Хрен столовый,хрен столовый,3521553.2800000007,51902
Косметичка,косметичка,3471699.3099999996,13969
Посыпка,посыпка,3419276.0100000007,48149
Кухня десерты с сахаром,кухня десерты с сахаром,3417071.22,16719
Кроссовки для девочек,кроссовки для девочек,3414615.47,3285
Хозяйственное мыло,хозяйственное мыло,3379526.1199999996,19784
Жевательная резинка детская,жевательная резинка детская,3363071.5999999996,51733
Полуфабрикаты из мяса птицы фаршированные охлажденные,полуфабрикаты из мяса птицы фаршированные охлажденные,3359342.1100000003,9705
Ботинки демисезонные для мужчин,ботинки демисезонные для мужчин,3346314.4,840
Перец острый,перец острый,3331853.900000001,26933
Детские сыры,детские сыры,3296908.909999999,17420
Проводные наушники и гарнитуры для телефонов,проводные наушники и гарнитуры для телефонов,3268993.480000001,14854
Ботинки для мужчин,ботинки для мужчин,3253048.13,1321
Вешенки,вешенки,3232483.5700000003,12281
Натуральные заменители сахара,натуральные заменители сахара,3230515.1999999993,7428
Электроинструмент,электроинструмент,3221168.2300000004,2132
Мыши и клавиатуры,мыши и клавиатуры,3207974.4999999995,9118
Новогодние аксессуары,новогодние аксессуары,3198651.9200000004,15792
"Скраб, пилинг","скраб, пилинг",3192676.3699999996,10466
Кисти для лица,кисти для лица,3189064.7499999995,12465
Кухня блюда с мясом,кухня блюда с мясом,3185837.66,10304
"Бумага для заметок, закладки, стикеры","бумага для заметок, закладки, стикеры",3185376.52,50196
Щетка для уборки,щетка для уборки,3182583.3,16149
Соусы на плодово-ягодной основе,соусы на плодово-ягодной основе,3181717.1199999987,11819
Оптические линзы,оптические линзы,3180053.08,3002
Питьевые растительные йогурты,питьевые растительные йогурты,3160945.5700000003,25086
Кресла компьютерные геймерские,кресла компьютерные геймерские,3156500.71,779
Сапоги для женщин,сапоги для женщин,3137007.32,944
Хайлайтеры,хайлайтеры,3134886.87,5050
Свитер для мужчин,свитер для мужчин,3106163.16,4067
Прочая детская гигиена,прочая детская гигиена,3100875.410000001,18874
Сабо для женщин,сабо для женщин,3095166.6199999996,4222
Миски для кошек,миски для кошек,3084888.0999999996,4745
Яйцо готовое прочее перепелиное,яйцо готовое прочее перепелиное,3076136.37,13915
Детская бижутерия,детская бижутерия,3073023.290000001,24415
Аксессуары для умывания,аксессуары для умывания,3058010.3099999996,17713
Замороженные грибы,замороженные грибы,3056407.4900000007,12361
Карнавальные принадлежности,карнавальные принадлежности,3038906.1700000013,17324
Автоматические освежители воздуха,автоматические освежители воздуха,3034869.3600000003,6934
"Гирлянды, мишура","гирлянды, мишура",3033441.1899999995,24953
Кухня супы-пюре,кухня супы-пюре,3031374.900000001,10833
Кусковое детское мыло,кусковое детское мыло,3024373.139999999,29108
Кухня кофе черный,кухня кофе черный,3002353.15,20556
Лонгслив для женщин,лонгслив для женщин,2976053.92,5280
"Альбомы, скетчбуки, бумага для рисования","альбомы, скетчбуки, бумага для рисования",2968177.09,25185
Смеси к плову,смеси к плову,2950329.309999999,17222
Верхняя одежда куртки для девочек,верхняя одежда куртки для девочек,2948400.0300000003,4796
Свитшот для женщин,свитшот для женщин,2924873.5199999996,4257
Влажные салфетки для ухода за одеждой,влажные салфетки для ухода за одеждой,2920101.7299999995,46512
Хлеб пшеничный подовый нарезка,хлеб пшеничный подовый нарезка,2918968.0300000017,38156
"Наборы стаканов, бокалов","наборы стаканов, бокалов",2912088.39,3011
Хранение продуктов прочее,хранение продуктов прочее,2878441.84,6456
Горячий шоколад упакованный,горячий шоколад упакованный,2873743.62,4430
Филе мяса кролика охлажденное,филе мяса кролика охлажденное,2864213.6800000006,6335
"Майка, топ для женщин","майка, топ для женщин",2859699.4,6287
"Контейнеры, корзины для хранения вещей и одежды","контейнеры, корзины для хранения вещей и одежды",2856153.4,6165
Карандаши для бровей,карандаши для бровей,2850130.5700000003,7413
Электрочайник,электрочайник,2821224.43,1295
"Пищевые контейнеры, ланч-боксы, наборы пищевых контейнеров","пищевые контейнеры, ланч-боксы, наборы пищевых контейнеров",2796840.0700000003,4562
Урологические прокладки,урологические прокладки,2793030.2500000005,9958
Масло на растительной основе,масло на растительной основе,2778493.79,22463
Платья длинный рукав,платья длинный рукав,2775117.4899999998,5079
Подарочные конверты,подарочные конверты,2771021.22,22349
Наборы ведер со швабрами,наборы ведер со швабрами,2764159.1,1496
Козинаки,козинаки,2757785.880000001,11767
Шорты для женщин,шорты для женщин,2751405.100000001,4265
Салатники,салатники,2748555.550000001,7897
Огурцы соленые,огурцы соленые,2732185.0000000005,10704
Уксус бальзамический,уксус бальзамический,2714270.0,11251
Арбуз прочий,арбуз прочий,2707525.36,6039
"Бульонницы, супницы","бульонницы, супницы",2701891.4299999997,5902
Оливки с косточкой,оливки с косточкой,2693571.76,13074
Замороженные прочие кондитерские изделия порционные,замороженные прочие кондитерские изделия порционные,2682327.4499999983,21185
Свечи и подсвечники,свечи и подсвечники,2676319.3599999994,11867
"Угги, унты для женщин","угги, унты для женщин",2663485.9099999997,988
Конфеты сухофрукты в шоколаде,конфеты сухофрукты в шоколаде,2634530.51,19671
Юбка для женщин,юбка для женщин,2596826.3200000003,3245
Очищение (лечебное),очищение (лечебное),2589515.1900000013,4032
Сумка кросс-боди для мужчин,сумка кросс-боди для мужчин,2582736.439999999,1070
Вешалка-плечики,вешалка-плечики,2579029.1500000004,5612
Ботинки для мальчиков,ботинки для мальчиков,2578249.190000001,1178
Лоферы для женщин,лоферы для женщин,2564312.1499999994,1135
Тетради,тетради,2545539.850000001,24022
Пирожные (охл),пирожные (охл),2518854.4399999995,20609
Блендеры и измельчители,блендеры и измельчители,2518073.26,960
"Чехлы, пленки, защитные стекла","чехлы, пленки, защитные стекла",2497350.05,5944
Стаканы для напитков,стаканы для напитков,2493812.15,6453
Основа под макияж,основа под макияж,2491482.9899999998,4498
"Электрогриль, Аэрогриль","электрогриль, аэрогриль",2486291.56,498
Шорты для мужчин,шорты для мужчин,2482666.9899999998,1891
Шампуни женские-селектив,шампуни женские-селектив,2476696.84,6521
Сахар-песок коричневый,сахар-песок коричневый,2445782.8999999994,11483
Средства для роста ресниц и бровей,средства для роста ресниц и бровей,2437544.2800000007,3233
Одежда для собак,одежда для собак,2410921.6799999997,8605
Бумажные носовые платки,бумажные носовые платки,2406374.0400000005,18381
Гарнитуры,гарнитуры,2397084.7099999995,3047
"Стеклоочистители, скребки, водосгоны для окон","стеклоочистители, скребки, водосгоны для окон",2396835.29,11798
Кухня омлеты,кухня омлеты,2364731.81,10690
"Сорочки, рубашки для женщин","сорочки, рубашки для женщин",2355550.3400000003,3238
Электрические зубные щетки и ирригаторы,электрические зубные щетки и ирригаторы,2334935.47,1328
Смартфоны Samsung,смартфоны samsung,2327791.69,43
Прочее мясо птицы стейковое охлажденное,прочее мясо птицы стейковое охлажденное,2302288.3200000003,8764
Сменные кассеты для фильтров-кувшинов,сменные кассеты для фильтров-кувшинов,2300077.92,3855
Лакомства для взрослых собак всех пород,лакомства для взрослых собак всех пород,2294039.7900000005,25119
Фруктовое пюре,фруктовое пюре,2280348.7600000007,10958
От тараканов,от тараканов,2276839.2199999997,4921
Розетки/Выключатели/удлинители,розетки/выключатели/удлинители,2273645.7599999993,3057
Смеси прочие для выпечки,смеси прочие для выпечки,2272087.59,16944
Футболки для девочек,футболки для девочек,2264716.1,7880
Запайщик пакетов,запайщик пакетов,2262656.1000000006,10946
Роллеры,роллеры,2262201.23,13313
"Кимоно, майки, рашгарды, шорты, трусы, штаны для единоборств","кимоно, майки, рашгарды, шорты, трусы, штаны для единоборств",2257033.0499999993,2642
Аксессуары для телефонов и планшетов,аксессуары для телефонов и планшетов,2243652.4899999998,12321
Брюки для девочек,брюки для девочек,2218918.450000001,4318
Спортивные тайтсы для женщин,спортивные тайтсы для женщин,2213921.09,2199
Элементы декора,элементы декора,2186910.69,3099
Наборы кистей,наборы кистей,2176611.5999999996,12184
Ледовые коньки,ледовые коньки,2148481.69,2019
Кроссовки для мальчиков,кроссовки для мальчиков,2146268.2999999993,2422
Ваза,ваза,2143175.55,3103
Средства для ухода,средства для ухода,2105862.19,7200
Кардиган для женщин,кардиган для женщин,2104837.9199999995,2583
Ребра в маринаде охлажденные,ребра в маринаде охлажденные,2095851.3499999999,5021
Джемперы и свитшоты для мальчиков,джемперы и свитшоты для мальчиков,2064300.1099999999,5225
Носки мужские,носки мужские,2050766.36,6123
Маски-тубы,маски-тубы,2043059.83,7158
Системные станки,системные станки,2029607.8599999994,2189
"Формы для выпечки, наборы форм для выпечки","формы для выпечки, наборы форм для выпечки",2019353.1300000004,8964
Салаты из мяса,салаты из мяса,2017504.2799999996,12350
Тушка курицы охлажденная,тушка курицы охлажденная,1999775.8399999996,4470
Парка для мужчин,парка для мужчин,1990002.1599999997,548
Кефир из козьего и овечьего молока,кефир из козьего и овечьего молока,1987379.94,9736
Игрушечное оружие,игрушечное оружие,1986597.1199999999,2816
Смартфоны прочие,смартфоны прочие,1953908.02,1140
Бронзеры и контуринг,бронзеры и контуринг,1944458.3900000004,4651
Робот-пылесос,робот-пылесос,1944142.22,198
Чемодан,чемодан,1930053.72,444
"Каперсы, артишоки","каперсы, артишоки",1922946.2,5266
"Кастрюли, ковши","кастрюли, ковши",1919875.0200000003,1014
Карандаши цветные,карандаши цветные,1896776.7899999996,10442
Свити,свити,1893682.8299999996,10174
Наушники Apple,наушники apple,1885715.25,117
Хлопушки,хлопушки,1882144.5899999994,8435
Разделка и нарезка продуктов прочее,разделка и нарезка продуктов прочее,1870321.26,6397
Матирующие салфетки,матирующие салфетки,1862274.9300000006,4487
Пиджак для женщин,пиджак для женщин,1857339.2599999998,1176
Кисти,кисти,1855058.8400000003,9191
"Ножи, штопоры","ножи, штопоры",1851018.4,5123
Электрические лампы,электрические лампы,1848261.6700000004,3514
Наборы канцелярских мелочей,наборы канцелярских мелочей,1844078.4500000002,3045
Игрушки для ванной,игрушки для ванной,1840920.4599999997,5053
Пылесосы вертикальные,пылесосы вертикальные,1825828.0,158
Ассорти круп,ассорти круп,1824783.0799999998,15058
Маркеры и фломастеры,маркеры и фломастеры,1818842.35,9356
"Кухонные ножи, наборы кухонных ножей, точилки для ножей","кухонные ножи, наборы кухонных ножей, точилки для ножей",1812260.2699999998,2301
Хвойные гирлянды,хвойные гирлянды,1811365.2399999998,3319
Уход за кожей вокруг глаз,уход за кожей вокруг глаз,1801059.6099999999,3022
Папки,папки,1799868.6299999992,7138
Полусапоги для женщин,полусапоги для женщин,1798378.4500000002,634
Монитор,монитор,1795503.79,105
Картридж к системе очистки воды,картридж к системе очистки воды,1791884.3,1523
Томаты свежие прочие,томаты свежие прочие,1773850.3499999994,8790
Полотенце прочее,полотенце прочее,1766634.7600000002,6813
Мячики для кошек,мячики для кошек,1757981.4999999998,8895
Кокосовое масло,кокосовое масло,1736904.31,4455
Шлепанцы для мужчин,шлепанцы для мужчин,1735934.1900000004,1243
Тинт для губ,тинт для губ,1732599.9700000007,6278
Перец консервированный сладкий,перец консервированный сладкий,1726267.87,7822
Сыры типа Адыгейский,сыры типа адыгейский,1722875.21,6975
Колбасные сыры,колбасные сыры,1720330.02,7492
Оборудование для фитнеса,оборудование для фитнеса,1718951.8199999998,4844
Дозатор для мыла,дозатор для мыла,1698665.8800000001,4583
Прочие средства для ухода за обувью,прочие средства для ухода за обувью,1684772.13,25825
Краб,краб,1670833.16,11981
"Спрей, серпантин","спрей, серпантин",1669382.1099999996,7663
Черный чай байховый аромат с фрукт-ягод добавками,черный чай байховый аромат с фрукт-ягод добавками,1666186.0299999996,8607
Окорочок куриный охлажденный,окорочок куриный охлажденный,1664870.3399999996,4080
Дополнительное питание для кошек,дополнительное питание для кошек,1651170.2400000005,2711
Брюки для мальчиков,брюки для мальчиков,1632693.2500000005,3151
Кухня бабл-ти,кухня бабл-ти,1627992.15,4966
Блузка,блузка,1627230.49,1672
Пилы цепные,пилы цепные,1624067.8,695
Классические вибраторы,классические вибраторы,1620820.8699999999,712
Гуашь,гуашь,1614462.0599999998,7870
Джемперы и свитшоты для девочек,джемперы и свитшоты для девочек,1611414.1399999994,4071
"Бальзамы, сиропы, концентраты","бальзамы, сиропы, концентраты",1605925.1700000002,2870
Молочко,молочко,1578243.76,2688
Мясо в маринаде с гарнирами охлажденное,мясо в маринаде с гарнирами охлажденное,1575849.6799999997,3449
Утюги,утюги,1575733.5099999998,1197
Массажеры,массажеры,1570046.34,4544
Простыня 2 сп,простыня 2 сп,1566565.8599999999,1781
Суповые и прочие мясокостные наборы из мяса охл,суповые и прочие мясокостные наборы из мяса охл,1559442.07,11691
Ластики,ластики,1556425.6200000003,18060
"Ножницы, ножи канцелярские","ножницы, ножи канцелярские",1555311.88,14562
Полуфабрикаты прочие охлажденные,полуфабрикаты прочие охлажденные,1550383.8399999999,4550
Электробритва,электробритва,1545261.4599999997,4397
"Простыня 1,5 сп","простыня 1,5 сп",1530681.98,1846
Кухня соусы белые,кухня соусы белые,1527990.6,39584
Супы овощные,супы овощные,1523325.9800000007,18543
Сода,сода,1521395.0499999998,14225
Шлепанцы для женщин,шлепанцы для женщин,1503332.0299999996,2912
Увлажнитель воздуха,увлажнитель воздуха,1497424.8000000003,1490
"Клей, клейкая лента","клей, клейкая лента",1493260.6800000002,15216
"Комплекты чашек с блюдцами, чайные и кофейные сервизы","комплекты чашек с блюдцами, чайные и кофейные сервизы",1493087.53,1355
Формы для льда,формы для льда,1487567.95,7163
Горшечные,горшечные,1479176.5699999996,7864
Глазурь,глазурь,1461896.7999999996,14337
Салфетки влажные для уборки дома,салфетки влажные для уборки дома,1461024.0699999998,5571
Ветровка,ветровка,1448594.9899999998,686
Охлажденная выпечка слоеная с начинкой,охлажденная выпечка слоеная с начинкой,1440501.8199999996,7466
Батарейка Крона D,батарейка крона d,1415887.7599999998,6589
Кухня блюда из овощей,кухня блюда из овощей,1414376.8800000001,4467
Вакуумные стимуляторы,вакуумные стимуляторы,1400763.34,652
Комплект постельного белья 1 сп,комплект постельного белья 1 сп,1387894.0700000003,442
Мороженое в мягкой упаковке вкусовое,мороженое в мягкой упаковке вкусовое,1382373.11,3141
Жилет для мужчин,жилет для мужчин,1380700.81,535
Наборы для ванной комнаты,наборы для ванной комнаты,1373669.58,4088
Заколка - краб,заколка - краб,1370337.2500000002,9155
Худи и толстовки для девочек,худи и толстовки для девочек,1368314.0100000002,2754
Ершик для унитаза,ершик для унитаза,1368222.7299999997,4416
Детские сумки,детские сумки,1366362.27,3481
Рыба соленая,рыба соленая,1353001.2200000004,3881
"Дутики, валенки для женщин","дутики, валенки для женщин",1334304.05,509
Зонт,зонт,1333748.1200000003,1729
Экзотическая моно соль,экзотическая моно соль,1332037.3700000003,8824
Ботинки для девочек,ботинки для девочек,1329091.2899999998,714
"Термокружки, термобокалы","термокружки, термобокалы",1326030.12,1464
Комплекты для девочек,комплекты для девочек,1323137.8900000004,3353
Бутылочки,бутылочки,1313445.29,1870
Развивающие книжки для малышей,развивающие книжки для малышей,1310067.08,5681
Копчености из говядины,копчености из говядины,1307533.8299999996,3683
Жидкие отбеливатели,жидкие отбеливатели,1305912.1900000002,2955
Мешок для стирки белья,мешок для стирки белья,1303162.33,5852
Фигурка новогодняя,фигурка новогодняя,1292202.4200000002,5102
Салат и перекус,салат и перекус,1291660.2700000003,4727
Рынок.Томаты свежие,рынок.томаты свежие,1281416.7399999998,5886
Фиксатор макияжа,фиксатор макияжа,1269011.4300000002,2569
Кофеварка рожкового типа,кофеварка рожкового типа,1256896.0999999999,238
Бейсболка,бейсболка,1251974.7600000005,1599
"Цветная бумага, картон","цветная бумага, картон",1249931.0599999996,10253
Спреи,спреи,1233589.8500000003,2428
"Спец. уход за кожей ног(скрабы,пилинги,ванночки)","спец. уход за кожей ног(скрабы,пилинги,ванночки)",1230228.2399999995,5197
Спальники и аксессуары,спальники и аксессуары,1224859.1099999999,556
Бальзамические соусы,бальзамические соусы,1222680.6600000001,1919
Поло для мужчин,поло для мужчин,1219731.27,587
Крафтовые лимонады,крафтовые лимонады,1212589.45,7982
Футболки для мальчиков,футболки для мальчиков,1210581.67,4500
Легинсы для девочек,легинсы для девочек,1206775.58,4283
Прочая потребительская электроника,прочая потребительская электроника,1206410.2399999998,4168
Свечи домашние,свечи домашние,1205593.5500000003,1624
Пена для ванн детская,пена для ванн детская,1205296.1199999999,4641
"Кисели, компоты","кисели, компоты",1204796.3199999998,2903
Крупы для детей,крупы для детей,1204007.9100000001,11210
Аксессуары для командных видов спорта,аксессуары для командных видов спорта,1201441.5499999998,663
Пасты шоколадные,пасты шоколадные,1188481.7899999996,2224
Креатин,креатин,1184620.64,953
Лонгслив для мужчин,лонгслив для мужчин,1182733.2900000005,1648
Аксессуары для очистки кистей,аксессуары для очистки кистей,1178846.1200000003,8541
Основа для пиццы,основа для пиццы,1177486.21,7325
Свеча светодиодная,свеча светодиодная,1173829.3900000001,4604
Кухня горячий шоколад,кухня горячий шоколад,1162726.13,6321
Миксер,миксер,1160811.6400000001,530
Кухня соусы прочие,кухня соусы прочие,1142700.23,33143
Пазлы,пазлы,1139794.47,2924
Кожаные ремни мужские,кожаные ремни мужские,1136689.3200000005,611
Пельмени альтернативные,пельмени альтернативные,1133096.7800000003,2118
Разделочные доски,разделочные доски,1130567.9500000002,2280
Патиссоны,патиссоны,1127036.63,3741
Туфли для девочек,туфли для девочек,1121162.21,1727
Кардиганы и жилеты для девочек,кардиганы и жилеты для девочек,1120515.87,3011
Каша сухая безмолочная,каша сухая безмолочная,1105516.1800000002,2919
Мультистайлер,мультистайлер,1104167.47,224
"Одеяло 1,5 сп","одеяло 1,5 сп",1086376.0499999998,748
Аксессуары прочие,аксессуары прочие,1083738.66,3499
Роботы и трансформеры,роботы и трансформеры,1078398.0,1710
Обои,обои,1077178.53,446
Сетевой адаптер для ноутбуков,сетевой адаптер для ноутбуков,1075103.34,1399
Пледы,пледы,1073978.87,813
Автомобильный ароматизатор,автомобильный ароматизатор,1072770.46,1607
Дополнительные аксессуары,дополнительные аксессуары,1069511.01,6302
Крафтовое пиво,крафтовое пиво,1054547.0699999998,5205
Прочие ароматизаторы,прочие ароматизаторы,1053966.25,16234
Заварочный чайник,заварочный чайник,1047892.73,1631
"Ежедневники, планинги","ежедневники, планинги",1044876.0499999999,5234
Футбольные бутсы,футбольные бутсы,1043996.7999999998,285
Коврики декоративные,коврики декоративные,1032888.2299999997,2313
Накопители и карты памяти,накопители и карты памяти,1026712.22,1725
Прочие ингредиенты для азиатских блюд,прочие ингредиенты для азиатских блюд,1024717.51,5401
Комплект носков для мужчин,комплект носков для мужчин,1018816.8299999998,3854
Комплект носков для женщин,комплект носков для женщин,1017855.1699999997,4137
Жакет для женщин,жакет для женщин,1014667.63,853
Прочее мясо охлажденное части,прочее мясо охлажденное части,1010721.3200000002,2230
Гейнеры,гейнеры,1010711.8599999999,281
Бальзамы для губ детские,бальзамы для губ детские,1008066.82,4929
Губки для обуви,губки для обуви,1006397.28,5187
Рюкзаки детские,рюкзаки детские,1004962.3399999999,1259
Художественная литература,художественная литература,1004892.8199999998,1480
Консервы лососевые натуральные,консервы лососевые натуральные,1000873.94,3165
Рюкзак женский,рюкзак женский,993376.1900000001,924
Детские рюкзаки,детские рюкзаки,992282.6699999999,1946
Массажное оборудование,массажное оборудование,989752.9300000004,2014
Футбольные мячи,футбольные мячи,977882.9899999998,785
Салатные заправки,салатные заправки,977283.3499999999,4972
Щетки и расчески для кошек,щетки и расчески для кошек,976870.65,6205
Сапоги для девочек,сапоги для девочек,975484.3100000002,531
Импортное пиво,импортное пиво,970906.4499999997,738
Перчатки хозяйственные,перчатки хозяйственные,970005.2899999999,3939
Кухонное полотенце,кухонное полотенце,965848.3800000002,4540
Мед с добавками,мед с добавками,963952.71,4359
Пеналы,пеналы,956627.1300000001,3598
Видеокарта,видеокарта,955589.0,70
Подушка 50х70,подушка 50х70,950278.0399999998,725
Отпариватель,отпариватель,950274.91,556
Вакуумные пакеты для хранения вещей,вакуумные пакеты для хранения вещей,946811.5199999999,2723
"Ведра, швабры, насадки","ведра, швабры, насадки",946282.27,3512
Полусапоги зимние женские,полусапоги зимние женские,944466.35,244
Комплект постельного белья 2 сп,комплект постельного белья 2 сп,939234.4499999998,463
"Комплекты совков с веником, щеткой","комплекты совков с веником, щеткой",936126.37,1071
Раскраски,раскраски,932857.4600000002,4673
"Пижама, ночная сорочка","пижама, ночная сорочка",931097.72,585
Нерафинированное подсолнечное масло,нерафинированное подсолнечное масло,928934.8900000001,5559
Электрические щиты/Кабельканалы/Кабель,электрические щиты/кабельканалы/кабель,925859.4199999998,450
Портативные колонки,портативные колонки,923064.1900000003,866
После бритья лосьоны,после бритья лосьоны,920437.06,1803
Кошелек,кошелек,917827.3399999999,1331
"Сервировочные блюда, селедочницы, менажницы","сервировочные блюда, селедочницы, менажницы",916694.8599999999,1425
Солнцезащитные очки женские,солнцезащитные очки женские,915582.8200000001,272
Шапка для женщин,шапка для женщин,911792.3399999997,1926
Гигиенические пакеты для выгула собак,гигиенические пакеты для выгула собак,898739.4899999998,5393
Машинки для стрижки и триммеры,машинки для стрижки и триммеры,895131.0900000003,1727
Процессор,процессор,893234.53,105
Уборка и удобрения,уборка и удобрения,889783.7699999999,3406
Тапочки для женщин,тапочки для женщин,887685.9600000003,868
Наволочка 50х70,наволочка 50х70,887539.9199999999,1955
Наклейки,наклейки,883888.36,5668
Комплект для женщин,комплект для женщин,883314.54,1588
Наклейки новогодние,наклейки новогодние,882100.3699999998,4391
Мышь,мышь,871322.71,1409
Парка для женщин,парка для женщин,870855.25,226
Батарейки прочие,батарейки прочие,870088.0900000001,2757
Швабра,швабра,868148.7499999999,1181
Электромясорубка,электромясорубка,858659.92,209
Безопасность и комфорт дома,безопасность и комфорт дома,853077.5900000001,4425
Полотенце 40х70,полотенце 40х70,852521.7400000002,4727
Корректирующие средства,корректирующие средства,846842.7000000002,5548
Средства для стоп и ногтей,средства для стоп и ногтей,844184.3800000002,2802
Набор разной посуды для приготовления,набор разной посуды для приготовления,840912.6600000001,184
Карта памяти,карта памяти,832538.5700000001,437
Кремы уход-селектив,кремы уход-селектив,826485.3500000001,461
Смесители для ванной комнаты,смесители для ванной комнаты,826029.3499999997,1038
Редька,редька,822214.3700000001,7809
Гидрообувь,гидрообувь,818089.6300000001,555
Сито и дуршлаг,сито и дуршлаг,813483.8,4317
Прочая техника для кухни,прочая техника для кухни,809873.8900000001,1515
Репелленты,репелленты,804753.5800000001,1852
Детское творчество,детское творчество,799331.8699999998,1676
Витамины и минералы,витамины и минералы,794602.2199999999,415
Мыльница,мыльница,793564.6200000001,4138
Манты,манты,792399.3300000002,1718
Коврики для ванной и туалета,коврики для ванной и туалета,788391.9099999999,2027
Наборы аксессуаров,наборы аксессуаров,783562.4700000001,4588
Фарш из мяса кролика,фарш из мяса кролика,778859.99,2280
Леггинсы,леггинсы,777096.8699999999,1362
Комплект бижутерный,комплект бижутерный,775059.2099999998,2480
Термобелье и изотермические комбинезоны,термобелье и изотермические комбинезоны,772121.9700000002,1681
Покрывала,покрывала,771652.59,436
Худи и толстовки для мальчиков,худи и толстовки для мальчиков,769009.16,1527
Акварельные краски,акварельные краски,768676.3899999999,6113
Спортивный топ,спортивный топ,761526.5899999999,1293
Наборы и палетки,наборы и палетки,758836.2699999998,1519
Шапки детские,шапки детские,753403.2100000003,1938
Маски-саше кремовые,маски-саше кремовые,753319.6300000002,3568
Плащ для женщин,плащ для женщин,751830.3300000001,174
Точилки,точилки,748728.1400000001,6316
Сухие напитки,сухие напитки,747551.58,6507
Джинсы и джеггинсы для девочек,джинсы и джеггинсы для девочек,747526.83,1032
Лежаки для собак,лежаки для собак,746775.32,1057
Спортивный костюм,спортивный костюм,739534.41,258
Лопатка,лопатка,737897.44,4533
Фен-щетка,фен-щетка,736695.5800000001,364
Набор кухонных принадлежностей,набор кухонных принадлежностей,730965.29,1725
Для снятия макияжа вокруг глаз,для снятия макияжа вокруг глаз,719396.9299999999,1089
Сюжетно-ролевые игры детские,сюжетно-ролевые игры детские,719206.7699999999,995
"Мусорные ведра, баки, контейнеры, урны, корзины для мусора","мусорные ведра, баки, контейнеры, урны, корзины для мусора",718826.9200000002,1296
Шапка для мужчин,шапка для мужчин,713576.13,1695
"Косметические, массажные","косметические, массажные",713556.1900000001,1126
Столы журнальные,столы журнальные,712845.89,719
Пылесосы с контейнером для пыли,пылесосы с контейнером для пыли,711402.78,81
Аксессуары для ванной прочее,аксессуары для ванной прочее,709529.7000000001,3724
Приставки для цифрового ТВ,приставки для цифрового тв,707609.5800000001,176
Миски для собак,миски для собак,695945.1699999999,2751
Другие завтраки 24 часа,другие завтраки 24 часа,694815.94,1912
Чехол для одежды,чехол для одежды,688839.3099999999,3368
L-carnitine,l-carnitine,685077.32,833
Масло виноградной косточки,масло виноградной косточки,685022.63,1453
Значок,значок,684079.2500000001,4058
Инструмент для обработки почвы,инструмент для обработки почвы,678520.67,1763
Впитывающие наполнители,впитывающие наполнители,677356.7899999999,729
Вибропули,вибропули,673545.8599999999,661
Поводки и шлейки,поводки и шлейки,665722.8999999998,2412
Фитнес,фитнес,665248.3200000001,3372
Кухонные ножницы,кухонные ножницы,655995.0299999999,3774
Активный отдых детей,активный отдых детей,651072.8300000001,1796
Блузки и рубашки для девочек,блузки и рубашки для девочек,650145.69,1981
Защита от солнца на окна,защита от солнца на окна,648487.7599999999,589
Органайзеры для рабочего стола,органайзеры для рабочего стола,646025.11,1882
Вагинально-клиторальные,вагинально-клиторальные,645746.8,196
Куртка для женщин,куртка для женщин,634112.84,176
Комплекты разных столовых приборов,комплекты разных столовых приборов,633371.15,598
Игрушки с канатом,игрушки с канатом,632801.3799999999,3217
Бадминтон,бадминтон,632729.1399999998,1541
Подушка анатомическая,подушка анатомическая,628775.0499999999,488
Солнцезащитные очки для женщин,солнцезащитные очки для женщин,625271.29,374
Легинсы,легинсы,623851.2000000002,407
Сабо для девочек,сабо для девочек,623697.52,3078
Сандалии для мужчин,сандалии для мужчин,619070.88,163
Глиттеры,глиттеры,617609.04,2354
Аксессуары для праздника,аксессуары для праздника,616109.66,1329
Полуботинки для женщин,полуботинки для женщин,613604.55,157
"Ботинки, полуботинки для женщин","ботинки, полуботинки для женщин",613273.0,219
Аксессуары для электрических зубных щеток и ирригаторов,аксессуары для электрических зубных щеток и ирригаторов,611193.9800000001,524
Вязкие стерилизованные йогурты,вязкие стерилизованные йогурты,611008.2000000001,7382
Резиновые сапоги для девочек,резиновые сапоги для девочек,609377.4800000001,1760
Мороженое большой брикет вкусовое,мороженое большой брикет вкусовое,606568.7899999999,2252
Пиджаки для мальчиков,пиджаки для мальчиков,603949.86,1697
Стойкие краски,стойкие краски,602834.4800000001,1379
Плавленые брусы,плавленые брусы,598930.7099999998,3669
Замороженная пицца на тонком тесте,замороженная пицца на тонком тесте,597153.06,1668
Полотенце 50х90,полотенце 50х90,595998.7000000001,2272
Мелки,мелки,590948.31,4107
Кусковое декоративное,кусковое декоративное,587673.5400000002,2606
Комплекты для мальчиков,комплекты для мальчиков,587655.9299999999,494
Клавиатура,клавиатура,586880.62,303
Губки для тела,губки для тела,586716.8,3541
Часы,часы,586600.9699999999,2239
Скрабы для губ,скрабы для губ,586494.4500000001,1875
Уход за шерстью для кошек,уход за шерстью для кошек,579737.2,1936
Резинка,резинка,579066.7599999999,5281
Натуральные краски для волос,натуральные краски для волос,577530.8400000002,932
Бытовая техника для детской,бытовая техника для детской,576592.4800000001,811
Рис смеси,рис смеси,570257.4400000001,1744
Парогенераторы,парогенераторы,569037.6,83
Набор для путешествий,набор для путешествий,565550.39,2248
Выпрямитель волос,выпрямитель волос,565446.21,277
Депиляционные полоски,депиляционные полоски,564055.92,1058
Очки детские,очки детские,562595.7899999999,1492
"Подвесная игрушка, дуги","подвесная игрушка, дуги",561301.5500000002,1103
Рубашки для мальчиков,рубашки для мальчиков,555983.5700000001,1572
Сумка дорожная для путешествий,сумка дорожная для путешествий,554139.1499999999,451
Туристическая посуда и термосы,туристическая посуда и термосы,552341.7100000001,629
Столовая посуда прочее,столовая посуда прочее,551126.5199999998,573
Развивающие коврики и центры,развивающие коврики и центры,549803.3099999998,892
Шашлык из свинины охлажденный,шашлык из свинины охлажденный,548346.0100000002,1526
Прихватка,прихватка,547487.4699999999,2469
Капуста краснокочанная,капуста краснокочанная,545399.4899999999,3327
Верхняя одежда комбинезоны для мальчиков,верхняя одежда комбинезоны для мальчиков,544294.03,202
Зимние виды спорта для детей,зимние виды спорта для детей,543490.51,478
"Кабели, переходники, ЗУ","кабели, переходники, зу",542305.4800000002,945
Тостеры,тостеры,541212.01,265
Мясо в маринаде охлажденное,мясо в маринаде охлажденное,539109.5599999999,1657
Аппликации для творчества,аппликации для творчества,531441.24,1826
Лаки,лаки,529094.1799999999,2007
Очки и маски для плавания,очки и маски для плавания,528943.39,2317
Ветровка женская,ветровка женская,528420.04,324
Балетки,балетки,528359.5900000001,215
"Спец. уход за кожей рук(скрабы,пилинги,ванночки)","спец. уход за кожей рук(скрабы,пилинги,ванночки)",524955.87,2030
Яйцо куриное высшей категории,яйцо куриное высшей категории,521449.2700000001,4082
"Качалки, каталки","качалки, каталки",518200.33999999997,1171
"Угги, унты для мужчин","угги, унты для мужчин",517833.83999999997,331
Решетка для шашлыка,решетка для шашлыка,517691.8599999999,923
Вибростимуляторы пениса,вибростимуляторы пениса,517086.02999999997,183
Наборы декоративной косметики детские,наборы декоративной косметики детские,516732.62000000017,629
Экзотические овощи прочие,экзотические овощи прочие,515334.8599999999,2228
Салфетницы и подставки для салфеток,салфетницы и подставки для салфеток,512644.02999999985,1432
Скатерти,скатерти,510375.28,1167
"Креманки, икорницы, розетки, соусники, пиалы","креманки, икорницы, розетки, соусники, пиалы",507425.0,1030
"Карандаши механические, цанговые","карандаши механические, цанговые",506009.49000000005,4848
Перчатки для единоборств и боевых искусств,перчатки для единоборств и боевых искусств,504941.47,949
Кухня холодные газированные напитки,кухня холодные газированные напитки,503107.8599999999,4149
Водолазка,водолазка,502799.69999999995,498
Брюки утепленные для женщин,брюки утепленные для женщин,502058.63000000006,245
Напольные вешалки и рейлы,напольные вешалки и рейлы,501965.31999999995,283
Скрабы и пилинги для кожи головы,скрабы и пилинги для кожи головы,499506.86000000004,1260
Наборы секс-игрушек,наборы секс-игрушек,497334.79000000004,622
Игрушечный транспорт для малышей,игрушечный транспорт для малышей,493555.9,697
Благовония,благовония,492910.64,2142
Сыворотки для кожи вокруг глаз,сыворотки для кожи вокруг глаз,489835.83999999997,1148
"Бандажи, суппорты, тейпы и эластичные бинты","бандажи, суппорты, тейпы и эластичные бинты",486896.3399999999,2157
Банка для хранения,банка для хранения,484787.5799999999,1124
Пельмени рыбные,пельмени рыбные,483330.9800000001,1496
Комбинезоны для малышей,комбинезоны для малышей,483280.53,936
Смеси трав,смеси трав,479914.7199999999,4978
"Графины, кувшины, декантеры, штофы","графины, кувшины, декантеры, штофы",477163.3699999999,509
Соль в мельницах,соль в мельницах,476867.13000000006,1425
Первое и второе,первое и второе,475541.87000000005,1091
Тумбы прикроватные и офисные,тумбы прикроватные и офисные,474700.25000000006,300
Декоративная подушка,декоративная подушка,474366.67999999993,763
Мебельная фурнитура,мебельная фурнитура,473569.13000000006,2197
Гель для купания детский,гель для купания детский,473007.39000000013,1424
Дезодоранты женские гели,дезодоранты женские гели,471901.00999999995,1328
Казаки для женщин,казаки для женщин,468150.39999999997,98
Поло для мальчиков,поло для мальчиков,466850.19,1147
Бады для спорта и фитнеса,бады для спорта и фитнеса,465702.08,681
Уксус яблочный,уксус яблочный,464013.6099999999,938
Джинсы для мальчиков,джинсы для мальчиков,463173.96,506
Колготки детские,колготки детские,462002.62,1329
Футбол,футбол,461434.4199999999,628
Надувной матрас,надувной матрас,461338.8799999999,444
Кухонные контейнеры,кухонные контейнеры,460276.4199999999,2910
Тапочки для мужчин,тапочки для мужчин,458496.37,609
Туристические рюкзаки и сумки,туристические рюкзаки и сумки,456228.17999999993,378
Замороженные десерты,замороженные десерты,454998.01999999996,2117
Домашняя обувь для девочек,домашняя обувь для девочек,453765.26000000007,2202
Плавки,плавки,453566.53,628
Раковины и пьедесталы,раковины и пьедесталы,451661.72000000003,297
Футляры,футляры,451178.69000000006,921
Искусственные цветы,искусственные цветы,449377.63,624
Аксессуары для сервировки прочее,аксессуары для сервировки прочее,448919.98999999993,1606
Рыболовная приманка,рыболовная приманка,448684.24000000005,593
Аксессуары для футбола,аксессуары для футбола,447362.62,197
Аминокислоты,аминокислоты,446094.00999999995,389
Трусы для мужчин,трусы для мужчин,446088.19999999995,406
Дом и досуг,дом и досуг,441595.87,577
Автозагары,автозагары,440683.32000000007,801
Умывание-селектив,умывание-селектив,438688.69,494
Наука,наука,436877.06999999995,739
Кисти для глаз,кисти для глаз,434450.44,1487
Внешний жесткий диск,внешний жесткий диск,434412.07,42
Кепки детские,кепки детские,425262.71999999986,1149
Брюки утепленные для мужчин,брюки утепленные для мужчин,425073.93,169
Стакан для зубных щеток,стакан для зубных щеток,424292.92000000004,1547
Кремы ВВ,кремы вв,420174.7100000001,732
Мобили,мобили,417841.2199999999,655
Купальный костюм,купальный костюм,417294.35000000003,1054
Надувной диван/Биван,надувной диван/биван,417185.97,299
Напольные лампы и торшеры,напольные лампы и торшеры,413612.05,945
Настольные и косметические зеркала,настольные и косметические зеркала,413344.41000000003,941
Замороженное пюре,замороженное пюре,412084.42,1635
Приготовление напитков прочее,приготовление напитков прочее,411141.2899999999,1832
Аксессуары к фильтрам для воды,аксессуары к фильтрам для воды,410749.23000000004,156
Сменный блок для ролика,сменный блок для ролика,408823.82999999996,150
Машинка для удаления катышков,машинка для удаления катышков,408631.80000000005,1126
Бананы Кавендиш зелёные,бананы кавендиш зелёные,407604.3299999999,2418
Замороженные круассаны без начинки,замороженные круассаны без начинки,407053.7100000001,1647
Шорты для плавания,шорты для плавания,406108.72000000003,771
Выпечка слоеная без начинки,выпечка слоеная без начинки,404346.30000000005,3385
Сапоги для мальчиков,сапоги для мальчиков,404331.9600000001,207
Крепления и держатели,крепления и держатели,403941.18000000005,916
Дезодоранты мужские ролики,дезодоранты мужские ролики,401144.0499999999,1091
Товары для праздника детские,товары для праздника детские,397574.47,2432
Зеленый чай байховый аромат с цветоч-травян добав,зеленый чай байховый аромат с цветоч-травян добав,396259.6,946
Лежаки для кошек,лежаки для кошек,394398.96,472
Мангал сборный,мангал сборный,393763.6399999999,1362
Внешний диск SSD,внешний диск ssd,388226.49999999994,91
Цветочные кашпо и горшки,цветочные кашпо и горшки,387888.26,1186
"Бейджики, шнурки, рулетки","бейджики, шнурки, рулетки",386930.9900000001,1991
Кухня салаты теплые,кухня салаты теплые,386903.87000000005,1194
Цветочный горшок садовый,цветочный горшок садовый,381191.67999999993,638
Визитница/кредитница для женщин,визитница/кредитница для женщин,380227.42,2477
Детские средства защиты от солнца-селектив,детские средства защиты от солнца-селектив,379921.85,805
Мелкая бытовая техника,мелкая бытовая техника,378977.07999999996,56
Предтренировочные комплексы,предтренировочные комплексы,377940.48,163
Электрощипцы,электрощипцы,376734.48,450
Оливковое масло с добавками,оливковое масло с добавками,376659.97,580
Салаты с заправкой 24 часа,салаты с заправкой 24 часа,376563.79000000004,744
Вторые блюда консервированные прочие,вторые блюда консервированные прочие,376470.46,1511
Оборудование,оборудование,375766.4000000001,187
Оборудование для йоги,оборудование для йоги,371683.98000000004,494
Френч-пресс,френч-пресс,371259.44,372
Мерная емкость,мерная емкость,368948.47,2426
Тоник-селектив,тоник-селектив,366987.5999999999,208
Кофемашина автоматическая,кофемашина автоматическая,363790.0,14
Вибромассажёры,вибромассажёры,362417.27,236
Ароматизатор для бани и сауны,ароматизатор для бани и сауны,359985.0900000001,1037
Стаканчики для воды,стаканчики для воды,359334.79,2279
Комплект клавиатура и мышь,комплект клавиатура и мышь,358823.30000000005,330
Костюм для женщин,костюм для женщин,352601.70999999996,323
Консоли мебельные,консоли мебельные,352486.6499999999,230
Турка,турка,351357.77,543
Баскетбольные мячи,баскетбольные мячи,351325.12,216
Кефир с добавками,кефир с добавками,350911.99,3044
Колготки для беременных,колготки для беременных,348872.2899999999,785
Верхняя одежда брюки для мальчиков,верхняя одежда брюки для мальчиков,346949.02999999997,302
Жаровни,жаровни,346380.63,153
Для приготовления первых блюд,для приготовления первых блюд,341158.52999999997,1247
Ложки столовые,ложки столовые,341079.81,568
Железные дороги,железные дороги,340420.12000000005,262
Настенные светильники и бра,настенные светильники и бра,339954.4600000001,379
"Горнолыжные шлемы, маски и очки","горнолыжные шлемы, маски и очки",339349.86000000004,180
Верхняя одежда комбинезоны для девочек,верхняя одежда комбинезоны для девочек,338604.66000000003,137
"Сланцы, шлепанцы для мужчин","сланцы, шлепанцы для мужчин",336207.27999999997,362
Мультиварка,мультиварка,335436.57,69
Аккумуляторы и зарядные устройства,аккумуляторы и зарядные устройства,332748.31,145
Видеокабели и переходники,видеокабели и переходники,332547.0,85
Кашпо садовое,кашпо садовое,331602.84,1177
Основа для глаз,основа для глаз,331168.29,619
Депиляционные кремы,депиляционные кремы,328199.41,641
Снегоуборочная техника,снегоуборочная техника,327766.54,157
Товары для хранения прочие,товары для хранения прочие,323353.0899999999,1079
Баранина мелкокусковая охлажденная,баранина мелкокусковая охлажденная,323335.01999999996,794
Ремни мужские,ремни мужские,321268.33999999997,169
Моющие пылесосы,моющие пылесосы,320588.0,25
Терка,терка,319917.24000000005,1388
Лоферы для мужчин,лоферы для мужчин,317908.05,153
Смарт-часы прочие,смарт-часы прочие,317590.83,157
"Коробы, кофры, органайзеры","коробы, кофры, органайзеры",316658.2499999999,1349
Сумки и чехлы для зимних видов спорта,сумки и чехлы для зимних видов спорта,316194.78,165
Спортивные тайтсы для мужчин,спортивные тайтсы для мужчин,315257.95,162
Трусы для женщин,трусы для женщин,313868.36999999994,339
Оттеночные и тонирующие средства,оттеночные и тонирующие средства,313365.08999999997,739
Флисовая толстовка для женщин,флисовая толстовка для женщин,312750.39999999997,149
Замороженные муссовые изделия порционные,замороженные муссовые изделия порционные,312665.42000000004,1079
Весы напольные,весы напольные,312166.18,246
Диагональ до 24,диагональ до 24,311140.0,31
Прожекторы и светильники,прожекторы и светильники,310264.67999999993,771
Туфли женские вcесезонные,туфли женские вcесезонные,309855.6,224
Садовое и парковое освещение,садовое и парковое освещение,308161.93,773
Лотки,лотки,307385.49000000005,932
Мокасины для женщин,мокасины для женщин,306575.0900000001,97
Клетчатка,клетчатка,306198.57999999996,462
"Защита, шлемы и капы для единоборств и боевых искусств","защита, шлемы и капы для единоборств и боевых искусств",305054.68,815
Кофеварка капельного типа,кофеварка капельного типа,304601.05000000005,140
Витамины таблетированные,витамины таблетированные,304069.99000000005,263
Верхняя одежда комбинезоны малышей,верхняя одежда комбинезоны малышей,303330.86,121
Материнская плата,материнская плата,303137.0,22
Мясо птицы в маринаде с гарнирами охлажденное,мясо птицы в маринаде с гарнирами охлажденное,301109.45999999996,828
Набор банных принадлежностей,набор банных принадлежностей,299662.2,372
"Конфетницы, фруктовницы, тортовницы","конфетницы, фруктовницы, тортовницы",299651.75,625
Ленты липкие от мух,ленты липкие от мух,298970.71,1696
"Шарфы, платки для женщин","шарфы, платки для женщин",298778.12,249
Браслет бижутерный женский,браслет бижутерный женский,297736.07,1354
Полотенце 70х140,полотенце 70х140,296055.21,690
Надувная кровать,надувная кровать,293623.49,134
Товары для хозяйственных нужд,товары для хозяйственных нужд,292629.27999999997,2097
Душевое оборудование,душевое оборудование,292628.99999999994,326
Спортивные бутылки и шейкеры,спортивные бутылки и шейкеры,291529.6500000001,502
Электрические зубные щетки,электрические зубные щетки,289118.86000000004,193
Стеллажи (не металлические и не пластиковые),стеллажи (не металлические и не пластиковые),288567.37,69
Настольные игры для взрослых прочие,настольные игры для взрослых прочие,287722.06,324
"Бусы, ожерелья","бусы, ожерелья",286850.2599999999,1472
Дизайн маникюра,дизайн маникюра,285847.34,2338
Аксессуары для ногтей,аксессуары для ногтей,285564.08999999997,771
Леска,леска,284123.67000000004,381
Наборы для рисования,наборы для рисования,284121.5,640
Водонагреватели,водонагреватели,283393.73,162
Повязка,повязка,282550.0900000001,1724
Туристические фонари,туристические фонари,281445.5200000001,856
Кофемашина капсульного типа,кофемашина капсульного типа,280652.0,32
Подставка под горячее,подставка под горячее,280441.36,1802
Заменитель пищи,заменитель пищи,279508.5900000001,305
Флисовая толстовка для мужчин,флисовая толстовка для мужчин,278549.18,119
Щетка для обуви,щетка для обуви,278348.11000000004,1295
Декоративные объекты прочее,декоративные объекты прочее,278066.11999999994,990
Защита от солнца-селектив,защита от солнца-селектив,277835.83999999997,274
Ободок,ободок,276096.94999999995,2646
Флэш диск,флэш диск,274248.64,498
Панамы детские,панамы детские,272081.65,1660
Рыболовные катушки,рыболовные катушки,270122.86,86
Подставки для обуви,подставки для обуви,267976.83999999997,191
"Портфель, папка","портфель, папка",267827.22,90
Пиджак для мужчин,пиджак для мужчин,267095.41000000003,43
Детский крем,детский крем,264301.48,837
Беговые лыжи,беговые лыжи,264009.83,67
Крючок для ванной,крючок для ванной,263348.02999999997,1623
Весы кухонные,весы кухонные,262259.48000000004,421
Казаны,казаны,259770.31999999998,120
Кухня холодные гизированные напитки,кухня холодные гизированные напитки,258296.4,806
Крючки для одежды,крючки для одежды,257739.97000000006,1517
Полуфабрикаты рубленные фаршированные охлажденные,полуфабрикаты рубленные фаршированные охлажденные,257355.15999999997,503
Кухня кетчуп,кухня кетчуп,256498.35000000003,7225
Щетка для чистки гриля,щетка для чистки гриля,255379.32000000004,1511
Босоножки для девочек,босоножки для девочек,255045.26000000004,313
База и топ,база и топ,254995.82999999996,860
Нут,нут,254104.38000000003,2420
Коврики грязезащитные,коврики грязезащитные,253025.96999999997,737
"Резиновые сапоги, галоши для женщин","резиновые сапоги, галоши для женщин",252802.72,163
Кофемолка,кофемолка,252246.33,158
Кулер для процессора,кулер для процессора,250221.74,176
Костюм для мужчин,костюм для мужчин,247875.83000000002,85
Шапочка для плавания,шапочка для плавания,246962.04999999996,1832
Bluetooth-аксессуары,bluetooth-аксессуары,246283.62999999998,733
Креветки аргентинские замороженные,креветки аргентинские замороженные,244207.26,240
Воздуходувки и пылесосы садовые,воздуходувки и пылесосы садовые,243535.32999999996,205
Шампуры,шампуры,242452.95999999996,1506
Наладонные мастурбаторы,наладонные мастурбаторы,241005.55,224
Оснастка для электроинструмента,оснастка для электроинструмента,240922.7,687
Кардиганы и жилеты для мальчиков,кардиганы и жилеты для мальчиков,240383.88000000006,1161
Кеды для девочек,кеды для девочек,240303.72000000003,212
Массажер для бани,массажер для бани,240184.7,1225
Полки настенные,полки настенные,239631.08000000002,330
Жакеты для девочек,жакеты для девочек,239123.43999999997,429
Купальник слитный,купальник слитный,239065.80000000002,427
Декор потолка и стены,декор потолка и стены,238975.61,277
Летние виды спорта для детей,летние виды спорта для детей,235974.93999999997,824
Свободные веса,свободные веса,234170.86,377
"Компрессоры, насосы и манометры","компрессоры, насосы и манометры",232560.6,480
Аджика,аджика,232150.31999999998,439
Термосумка,термосумка,229873.42,310
Бумажник/кошелек,бумажник/кошелек,228903.5300000001,329
"Статуэтки, фигурки, подставки для украшений","статуэтки, фигурки, подставки для украшений",227541.25,341
Боди,боди,227276.0,354
Развлечения на воде для детей,развлечения на воде для детей,227237.7800000001,735
"Горнолыжные шапки, перчатки и носки","горнолыжные шапки, перчатки и носки",226446.69999999998,473
Замороженная капуста цветная,замороженная капуста цветная,225818.69,1198
Солнцезащитные очки для мужчин,солнцезащитные очки для мужчин,225415.69,366
Этажерки,этажерки,225213.3,133
Миски,миски,224699.6,328
Поваренная соль,поваренная соль,223909.06,860
Растворы,растворы,223042.67999999996,274
"Пододеяльник 1,5 сп","пододеяльник 1,5 сп",222671.61,151
Теннисные мячи,теннисные мячи,220426.88,1125
Воздушные шары,воздушные шары,219268.29000000004,864
Смесители,смесители,218896.77,126
Замороженная выпечка сладкая для приготовления,замороженная выпечка сладкая для приготовления,218530.24000000002,1121
Соковыжималки,соковыжималки,217985.11,878
Мука кукурузная,мука кукурузная,217876.12,142
Система для очистки воды,система для очистки воды,217782.27,70
Бады прочие,бады прочие,216110.55000000002,282
Поло для женщин,поло для женщин,215997.12,255
Светильник новогодний,светильник новогодний,215907.23,788
Бокс,бокс,215439.74000000002,664
Рыба холодного копчения Сельдь,рыба холодного копчения сельдь,215274.83999999994,914
Спортивные сумки,спортивные сумки,215226.86000000002,145
Гриль угольный,гриль угольный,215086.90000000002,215
Булочные изделия нарезка,булочные изделия нарезка,211591.62,2500
Чистка ковров и обивки мебели,чистка ковров и обивки мебели,211260.6,295
Аккумулятор для ИБП,аккумулятор для ибп,211164.30000000005,188
Рулетки,рулетки,210929.18000000002,965
Венок новогодний,венок новогодний,210898.62999999992,326
Комфортеры для новорожденных,комфортеры для новорожденных,210786.53,233
Кальмар пресервы,кальмар пресервы,210488.65999999997,1465
Дезодоранты мужские гели,дезодоранты мужские гели,210245.92000000007,350
Ошейники для собак,ошейники для собак,209372.12999999998,1526
Какао в капсулах,какао в капсулах,209349.46999999994,749
Вилки,вилки,207127.49,336
Кресло-шезлонг,кресло-шезлонг,207023.31,127
Кольцо бижутерное женское,кольцо бижутерное женское,206522.53000000003,941
Краска для бровей и ресниц,краска для бровей и ресниц,206239.40000000002,623
Кожаные ремни женские,кожаные ремни женские,205734.68,126
Сапоги зимние женские,сапоги зимние женские,204024.26,102
Маски защитные многоразовые,маски защитные многоразовые,203980.19999999995,1648
"Одеколоны, духи, воды тестеры","одеколоны, духи, воды тестеры",203742.0,26
Когтеточки,когтеточки,203196.27999999994,633
Рыболовные коробки и ящики,рыболовные коробки и ящики,202586.99,463
"Линейки, треугольники","линейки, треугольники",202436.12,2075
Наушники для компьютера,наушники для компьютера,201647.88999999998,225
Научно-популярные,научно-популярные,201413.96999999997,315
"Картриджи, чернила, тонер-картридж","картриджи, чернила, тонер-картридж",201135.75,65
Протертые ягоды и фрукты,протертые ягоды и фрукты,200628.15,900
Мясо кролика мелкокусковое охлажденное,мясо кролика мелкокусковое охлажденное,200556.07,465
Тыквенное масло,тыквенное масло,200537.16999999998,100
Бальзамы и кондиционеры-лечение,бальзамы и кондиционеры-лечение,199121.0,1224
Смарт-часы Детские,смарт-часы детские,198884.32,114
Пошехонский,пошехонский,198776.80999999997,796
Дождевик,дождевик,198634.75000000003,803
Сыворотки для лица-селектив,сыворотки для лица-селектив,197865.33,78
Принадлежности для мытья и очистки от снега,принадлежности для мытья и очистки от снега,197260.31999999998,399
Лонгсливы для мальчиков,лонгсливы для мальчиков,197249.82999999996,601
Горчичное масло,горчичное масло,195559.62000000002,145
Сахар прессованный коричневый,сахар прессованный коричневый,194900.56999999998,1010
Ремни женские,ремни женские,194716.34,153
Полуботинки для мужчин,полуботинки для мужчин,194515.72,40
Уход (лечебный),уход (лечебный),194206.13999999998,592
Соковыжималка механическая,соковыжималка механическая,194054.63999999998,1413
Подушка для путешествий,подушка для путешествий,193468.68,230
Календари,календари,193387.56,597
Кухонная машина,кухонная машина,193372.61,26
Приготовление пищи прочее,приготовление пищи прочее,191153.53000000003,702
Уксус винный,уксус винный,190522.85000000003,2430
Прочие корма и лакомства для собак,прочие корма и лакомства для собак,189288.59999999998,1130
Детские энциклопедии,детские энциклопедии,188057.98,201
Новогодние цветы и ветки,новогодние цветы и ветки,186649.64,268
Балетки для женщин,балетки для женщин,186098.84000000003,239
Солнцезащитные очки мужские,солнцезащитные очки мужские,185991.09,73
Калькуляторы,калькуляторы,185201.97,720
Плащ для мужчин,плащ для мужчин,184942.52999999997,86
Медиаплееры,медиаплееры,184644.16999999998,56
Средства от комаров и мошек,средства от комаров и мошек,184533.08000000002,735
Рюмки и стопки,рюмки и стопки,184458.68999999997,161
SIM карты Билайн,sim карты билайн,184103.18,263
Прочие средства для купания,прочие средства для купания,183491.64999999997,932
Напольные и настенные зеркала,напольные и настенные зеркала,183074.85,269
Масла для лица,масла для лица,182346.32,251
"Скраб, пилинг-селектив","скраб, пилинг-селектив",181985.81999999998,234
Шар на ель,шар на ель,181053.74000000008,541
Трафареты,трафареты,180998.93999999994,2175
Верхушка для ели,верхушка для ели,180161.43000000005,939
"Кроватки, матрасы и постельное бельё","кроватки, матрасы и постельное бельё",179884.89999999997,139
Сандалии для мальчиков,сандалии для мальчиков,179603.36,198
Пустышки и аксессуары для пустышек,пустышки и аксессуары для пустышек,179371.78999999998,326
Лампочки,лампочки,178606.80999999997,232
Умная розетка,умная розетка,178220.33999999997,90
Корзины и сумки для грязного белья,корзины и сумки для грязного белья,177497.5,133
Шампунь для кошек и собак,шампунь для кошек и собак,177406.66999999998,386
Дверная фурнитура,дверная фурнитура,176078.42,417
Мобильные телефоны LTE,мобильные телефоны lte,175703.46,199
Маски и патчи для губ,маски и патчи для губ,175532.29,404
Уход за кожей вокруг глаз-селектив,уход за кожей вокруг глаз-селектив,174643.84,75
Умная лампа,умная лампа,174462.33999999997,137
Рыболовные инструменты,рыболовные инструменты,173984.87,163
Безглютеновая мука,безглютеновая мука,173413.87999999998,229
Прочие средства для ухода за одеждой,прочие средства для ухода за одеждой,172413.50999999998,517
Для снятия макияжа вокруг глаз-селектив,для снятия макияжа вокруг глаз-селектив,171183.83000000002,155
Полуботинки и туфли для мальчиков,полуботинки и туфли для мальчиков,170998.93,157
Накладные ресницы,накладные ресницы,170686.06000000003,953
Влажные салфетки для снятия макияжа,влажные салфетки для снятия макияжа,170076.41999999998,2550
Уход за лапами для собак,уход за лапами для собак,169969.2600000001,534
Туристические палатки и тенты,туристические палатки и тенты,169772.83,64
Вибраторы-кролики,вибраторы-кролики,168495.90000000002,98
Палитры художественные,палитры художественные,168408.75999999998,1076
Порошок для ПММ,порошок для пмм,168235.95,480
Крышка для посуды,крышка для посуды,167552.17,257
Носки детские,носки детские,167544.21,947
Проекторы и экраны,проекторы и экраны,167353.99,11
Костромской,костромской,167146.55999999997,671
Жиросжигатель,жиросжигатель,167021.52,428
Аксессуары для тела,аксессуары для тела,166578.19000000003,496
Wi-Fi роутеры (Маршрутизаторы),wi-fi роутеры (маршрутизаторы),166453.3,66
Рынок.Косточковые плоды,рынок.косточковые плоды,166310.92,261
Юбки для девочек,юбки для девочек,165538.17,569
Замороженная выпечка несладкая для приготовления,замороженная выпечка несладкая для приготовления,162771.34,490
Юбка для ели,юбка для ели,162485.7,445
Замороженные смеси для смузи,замороженные смеси для смузи,161269.96,474
Освещение с потолка,освещение с потолка,161071.22,168
Слипоны для женщин,слипоны для женщин,160266.98,66
"Шумовки, поварские ложки","шумовки, поварские ложки",159412.27999999994,647
Переводные тату,переводные тату,158950.05999999997,1007
Набор первоклассника,набор первоклассника,158863.37,143
Краски для внутренних работ,краски для внутренних работ,156403.78,756
Кисти для бровей,кисти для бровей,156372.35000000003,414
Средства по уходу за бородой,средства по уходу за бородой,156035.71,316
Анальные пробки,анальные пробки,155608.05,410
Роллы 24 часа,роллы 24 часа,155266.99,299
Наматрасник,наматрасник,154500.44,138
Блок питания компьютера,блок питания компьютера,153532.75,24
Замороженные бисквитные изделия семейные,замороженные бисквитные изделия семейные,153004.00000000003,635
Контрольно-измерительный инструмент,контрольно-измерительный инструмент,151911.74000000002,289
Рыбосодержащие консервы детские,рыбосодержащие консервы детские,151299.82,909
Массажные масла,массажные масла,151084.31,123
Лапы и макивары для единоборств и боевых искусств,лапы и макивары для единоборств и боевых искусств,150955.52000000002,266
"Одеколоны, духи, воды детские","одеколоны, духи, воды детские",150523.93,284
Шитье,шитье,150362.93,605
Галстуки и бабочки детские,галстуки и бабочки детские,150144.98,1220
Рабочая тетрадь,рабочая тетрадь,149726.06,737
Планшеты Android,планшеты android,148990.0,13
Клатч для женщин,клатч для женщин,148532.39,57
Аксессуары для велосипедов,аксессуары для велосипедов,147815.09,464
Шорты для девочек,шорты для девочек,147526.17,393
Топы для девочек,топы для девочек,146747.24,687
Штора для ванной,штора для ванной,146493.85,178
Комплект домашней одежды для женщин,комплект домашней одежды для женщин,146273.27,110
Шорты для мальчиков,шорты для мальчиков,146100.8,163
Бюстгальтер для женщин,бюстгальтер для женщин,146090.15999999997,148
Пены для ванн,пены для ванн,145002.03999999998,540
Массажные свечи,массажные свечи,144872.5,137
Вишня,вишня,143347.33000000002,369
SIM карты прочие операторы,sim карты прочие операторы,143038.23,471
Бирка для багажа,бирка для багажа,142451.67,1093
Аксессуары в салон автомобиля,аксессуары в салон автомобиля,142031.45,561
Эпилятор,эпилятор,141999.78,26
Подставка для столовых приборов,подставка для столовых приборов,141822.94999999998,594
Капуста пекинская,капуста пекинская,141687.37,1243
Льняное масло,льняное масло,141656.93,427
"Школьные рюкзаки, ранцы","школьные рюкзаки, ранцы",141086.81999999998,245
Йога,йога,140879.88999999998,129
Рюкзак мужской,рюкзак мужской,139382.76,116
Консервы из мяса прочие,консервы из мяса прочие,138821.99,263
Жидкости для обуви,жидкости для обуви,138496.18000000002,299
Сетевые фильтры,сетевые фильтры,138288.55,264
Мебель для ванной комнаты,мебель для ванной комнаты,138009.15000000002,207
Автошампунь,автошампунь,136467.44,292
Игровые приставки 8Bit и 16Bit,игровые приставки 8bit и 16bit,135320.67,66
Радиоуправляемые игрушки,радиоуправляемые игрушки,135315.91999999998,123
Набор емкостей для специй и соусов,набор емкостей для специй и соусов,135230.32000000004,264
Покрытие для губ,покрытие для губ,134978.57000000004,533
Половник,половник,134604.33,574
Кронштейны для телевизоров,кронштейны для телевизоров,134058.97000000003,170
Батуты,батуты,133230.47,65
Сувениры для взрослых,сувениры для взрослых,132398.67,92
Садовые триммеры,садовые триммеры,132184.3,46
Сменные блоки для фильтров-кувшинов,сменные блоки для фильтров-кувшинов,132015.77000000002,191
Мясные хлеба,мясные хлеба,131205.92,930
"Комплект постельного белья 1,5 сп","комплект постельного белья 1,5 сп",131007.37000000001,83
Смеси блинные,смеси блинные,129721.4,384
Создание украшений,создание украшений,128466.72,348
Инсектициды,инсектициды,128084.41,624
Расходные материалы,расходные материалы,127304.40000000002,1771
Водолазки для девочек,водолазки для девочек,126272.45999999999,320
Основа для губ,основа для губ,126257.25000000001,124
Платья короткий рукав и сарафаны,платья короткий рукав и сарафаны,125755.47,183
Прочие аксессуары для путешествий и поездок,прочие аксессуары для путешествий и поездок,125624.76999999999,558
Маргарин,маргарин,125197.52999999998,1353
Разные лечебные средства,разные лечебные средства,124993.64999999998,359
Водолазка мужская,водолазка мужская,123867.14,103
Влажные специализированные корма для собак,влажные специализированные корма для собак,123715.07,472
Внутренний SSD накопитель,внутренний ssd накопитель,123681.75,31
Свеча новогодняя,свеча новогодняя,123556.07000000002,605
Эрекционные кольца и лассо,эрекционные кольца и лассо,123084.65,78
Web-камера,web-камера,122899.86,47
Полуботинки для девочек,полуботинки для девочек,122423.76000000002,103
Лонгсливы для девочек,лонгсливы для девочек,122173.04999999997,410
Аксессуары Техники для красоты и здоровья,аксессуары техники для красоты и здоровья,120209.19,44
Злаковые напитки,злаковые напитки,119684.88,245
Замороженная капуста брюссельская,замороженная капуста брюссельская,118705.21000000002,342
Эзотерика и парапсихология,эзотерика и парапсихология,117756.94000000002,175
Закладки для книг,закладки для книг,117433.49999999999,815
Прочие новогодние подарки,прочие новогодние подарки,116896.6,370
Рыбалка,рыбалка,116358.03,93
Стразы и кристаллы,стразы и кристаллы,116320.55999999997,776
Декорирование,декорирование,115820.42,214
Водонагреватель для бассейна,водонагреватель для бассейна,115818.75,47
Тушь для бровей,тушь для бровей,115583.00000000001,390
Компрессионное белье,компрессионное белье,115452.41,65
Кеды для мальчиков,кеды для мальчиков,114591.17,83
Бандана женская,бандана женская,114149.91,334
Прочие,прочие,113750.30999999998,933
Жидкостная система охлаждения,жидкостная система охлаждения,113341.51000000001,15
"Пена(мусс), жидкость для укладки волоc FMCG","пена(мусс), жидкость для укладки волоc fmcg",113123.01999999999,244
Уход за деревянной мебелью,уход за деревянной мебелью,111844.92,396
Робот-мойщик окон,робот-мойщик окон,111618.9,30
Комплект сменных модулей для системы очистки,комплект сменных модулей для системы очистки,111273.70999999999,44
Зеленый чай байховый классический,зеленый чай байховый классический,110447.33000000002,586
Наволочка декоративная,наволочка декоративная,110329.78,208
Смарт-часы Other,смарт-часы other,110029.55000000002,104
Купальный верх,купальный верх,109996.13,260
Щетки и расчески для собак,щетки и расчески для собак,109994.86,651
Тент для бассейна,тент для бассейна,109800.14,267
"Ботинки, полуботинки для мужчин","ботинки, полуботинки для мужчин",109359.38,33
После бритья бальзамы,после бритья бальзамы,109014.77,214
Упаковочная бумага,упаковочная бумага,108206.01999999999,305
Соленые грибы,соленые грибы,108138.23,180
Насос для надувной мебели,насос для надувной мебели,107776.94,224
Кабели и переходники,кабели и переходники,107050.27999999998,609
Декоративные подушки на стул и надувные подушки на стул,декоративные подушки на стул и надувные подушки на стул,105912.91999999998,124
Возбуждающие средства для женщин,возбуждающие средства для женщин,104887.67,68
Баранки,баранки,104254.43,1447
Оперативная память,оперативная память,104050.88,39
Товары для творчества,товары для творчества,103991.99000000002,467
Часы бижутерные женские,часы бижутерные женские,103475.27,40
Сумка для активного отдыха,сумка для активного отдыха,103468.95999999999,19
Лаки для ногтей детские,лаки для ногтей детские,102721.01999999997,841
Замороженные багеты,замороженные багеты,102338.47,953
Мочалка для бани,мочалка для бани,101981.01000000001,601
Брюки для малышей,брюки для малышей,101660.87,81
"Мороженое ведро, ванна классическое","мороженое ведро, ванна классическое",101583.58000000002,233
Интерактивные мягкие игрушки,интерактивные мягкие игрушки,101522.20000000001,350
Световая фигура,световая фигура,101476.46999999999,559
Прокладки и комплектующие,прокладки и комплектующие,100149.87999999998,481
Лазерный принтер,лазерный принтер,100014.0,13
Депиляционные средства прочие,депиляционные средства прочие,99594.81,236
Обложка для документов,обложка для документов,98936.42999999998,300
Аксессуар для игровой приставки,аксессуар для игровой приставки,98099.56000000001,36
Товары для граффити,товары для граффити,98048.87000000001,133
Изоляция и герметики,изоляция и герметики,96537.9,444
"Крема, таблетки для протезов","крема, таблетки для протезов",96515.40000000001,182
Салфетки для ухода за обувью,салфетки для ухода за обувью,96056.43000000001,540
Мыло и воск для бровей,мыло и воск для бровей,95595.88999999998,245
Смеси универсальные,смеси универсальные,95421.08999999995,1471
Депиляционные воски,депиляционные воски,95365.83999999998,279
Пальто для мужчин,пальто для мужчин,94881.54000000001,38
Йодированная соль,йодированная соль,93404.64,742
"Сланцы, шлепанцы для женщин","сланцы, шлепанцы для женщин",92874.12,99
Велосвет,велосвет,92795.70000000001,255
Коврик для мыши,коврик для мыши,92707.42,155
Автомобильные подушки,автомобильные подушки,92068.67,161
Тренировочное оружие для единоборств,тренировочное оружие для единоборств,91907.18,210
Ловушка для насекомых,ловушка для насекомых,91803.06000000001,325
Сахарница,сахарница,91304.34999999999,221
Аксессуары для бассейнов,аксессуары для бассейнов,91296.80000000002,178
Инструмент для работы с деревьями и кустами,инструмент для работы с деревьями и кустами,89817.76,174
Мишура,мишура,89638.21,422
Картхолдер,картхолдер,89411.51,89
Влажные корма для щенков,влажные корма для щенков,89406.5,710
Салфетка автомобильная,салфетка автомобильная,88871.97,268
Купальный низ женский,купальный низ женский,88794.76999999999,315
Масленка,масленка,88748.69999999998,313
Футболка для беременных,футболка для беременных,88591.85,273
Настенные вешалки,настенные вешалки,88572.32999999999,58
Лоферы для девочек,лоферы для девочек,87572.03,91
Водолазки для мальчиков,водолазки для мальчиков,87406.02,215
Куртка женская из эко-кожи,куртка женская из эко-кожи,87084.65000000001,31
Фоторамка,фоторамка,85962.68,291
Бананы Кавендиш для смузи,бананы кавендиш для смузи,85548.67,728
Хлопушка пиротехническая,хлопушка пиротехническая,85310.98999999999,574
Варежки детские,варежки детские,85295.15000000001,164
Комплекты для малышей,комплекты для малышей,85244.74,88
Детские средства защиты от солнца,детские средства защиты от солнца,84952.65,318
Кольца и тарелки,кольца и тарелки,84359.31000000001,567
"Резинки, заколки","резинки, заколки",84130.24,674
Степлеры,степлеры,82812.13,516
Кукольный театр,кукольный театр,82672.29,284
Гидроизоляция,гидроизоляция,82619.41999999998,179
"Топорики, молотки, размягчители для мяса","топорики, молотки, размягчители для мяса",82095.26000000001,148
Горшки и детские сиденья на унитаз,горшки и детские сиденья на унитаз,82084.26999999999,109
Прочие аксессуары для смартфонов,прочие аксессуары для смартфонов,81212.3,440
Корпусной вентилятор,корпусной вентилятор,80773.43000000001,102
Балаклава женская,балаклава женская,80446.2,99
Пуходерки для собак,пуходерки для собак,80345.09000000001,507
Щетка стеклоочистителя,щетка стеклоочистителя,80118.72999999998,89
Аксессуары для кухонной техники,аксессуары для кухонной техники,80049.76,45
Хлебницы и корзинки для хлеба,хлебницы и корзинки для хлеба,80000.15,54
Тренажёры Кегеля,тренажёры кегеля,79898.06,39
Прочие аксессуары для путешествий,прочие аксессуары для путешествий,79515.19,1066
Кофеварка гейзерная,кофеварка гейзерная,79435.0,35
Настольные вентиляторы,настольные вентиляторы,79318.23999999999,243
Бейсболка женская,бейсболка женская,79095.75,56
Тепловые пушки,тепловые пушки,78634.0,37
Консервы рыбные в томатном соусе прочие,консервы рыбные в томатном соусе прочие,78233.51000000001,44
Геймпады,геймпады,78038.38,33
Румбоксы,румбоксы,77806.12000000001,231
Чайник для плиты,чайник для плиты,77695.9,48
Микрофоны,микрофоны,77622.21999999999,135
"Искусство, мода, дизайн","искусство, мода, дизайн",77395.82,62
Настольные игры для компании,настольные игры для компании,76623.78,140
Верхняя одежда ветровки для мальчиков,верхняя одежда ветровки для мальчиков,75847.98000000001,37
Новогодние миниатюры,новогодние миниатюры,75102.3,191
Sony PlayStation,sony playstation,74990.0,1
Наушники геймеров,наушники геймеров,74597.6,84
"Шали, палантины для женщин","шали, палантины для женщин",73895.79,32
Влажные салфетки для интимной гигиены,влажные салфетки для интимной гигиены,73131.75,1117
Тени для бровей,тени для бровей,72737.32,112
Верхняя одежда куртки для малышей,верхняя одежда куртки для малышей,72638.0,75
Мобильные телефоны Candybar,мобильные телефоны candybar,72328.4,112
Шапка мужская,шапка мужская,71390.23,56
Обложки для книг и тетрадей,обложки для книг и тетрадей,70320.67,620
Смягчители воды,смягчители воды,70183.66,112
Прищепки,прищепки,70059.29000000001,459
Ножи и мультитулы,ножи и мультитулы,69937.88,37
Поднос,поднос,69752.7,65
Экономика и бизнес,экономика и бизнес,69479.54,90
Закаточная машинка,закаточная машинка,69372.67,378
Ремешки для браслетов,ремешки для браслетов,69301.62,149
Сумки для обуви,сумки для обуви,69201.97,434
Вагинальные шарики со смещённым центром тяжести,вагинальные шарики со смещённым центром тяжести,68727.94,77
Зеркала и зеркальные шкафы,зеркала и зеркальные шкафы,67408.39,41
Кукуруза вареная,кукуруза вареная,67363.23000000001,335
Дезодорант для обуви,дезодорант для обуви,67280.44,213
Килт для сауны,килт для сауны,67257.58,164
Поке и боулы 24 часа,поке и боулы 24 часа,67206.26999999999,151
Корпус компьютерный,корпус компьютерный,66877.20999999999,23
Крышки,крышки,66645.11999999998,381
Сменная насадка для швабры,сменная насадка для швабры,66447.94000000002,309
Перец горошком,перец горошком,66272.45999999999,366
Акриловые краски,акриловые краски,66207.23,103
Губки для тела детские,губки для тела детские,66084.22,487
Садовая скамейка,садовая скамейка,65888.57,116
Колонки компьютерные,колонки компьютерные,65862.95999999999,98
Лыжи и сноуборды,лыжи и сноуборды,65752.77,351
Лестница для бассейна,лестница для бассейна,65400.37,34
Краска для обуви,краска для обуви,65376.01,207
Васаби,васаби,65200.15999999999,350
BCAA,bcaa,65081.60999999999,105
Набор кастрюль,набор кастрюль,64989.0,19
Аксессуары для гладильной доски,аксессуары для гладильной доски,64767.84,429
Наборы для создания кукол,наборы для создания кукол,64356.28,166
Средства после загара,средства после загара,64273.99,133
Струйное МФУ,струйное мфу,64168.0,10
Сумки-переноски,сумки-переноски,63995.96,104
Коврик для пикника,коврик для пикника,63942.69000000001,126
"Азартные игры, рулетка","азартные игры, рулетка",63903.20999999999,135
Таз для белья,таз для белья,63658.06,194
Уход за шерстью для собак,уход за шерстью для собак,63566.8,258
Накладные поворотные споты,накладные поворотные споты,63037.97,258
Колодезный насос,колодезный насос,62609.32000000001,35
Часы бижутерные мужские,часы бижутерные мужские,62417.44,42
Карандаши чернографитные,карандаши чернографитные,62024.85000000001,797
Боди для малышей,боди для малышей,61861.38,213
Зонты детские,зонты детские,61608.200000000004,129
Майка для женщин,майка для женщин,61516.55,159
Подстилка для бассейна,подстилка для бассейна,61164.36000000001,153
Вибрационный насос,вибрационный насос,61114.82000000001,56
Автомобильные лампы,автомобильные лампы,60848.399999999994,56
Зарядные устройства в автомобиль,зарядные устройства в автомобиль,60758.79,157
Комбинезоны для девочек,комбинезоны для девочек,60447.969999999994,64
Велосипедные перчатки,велосипедные перчатки,60243.12999999999,442
Визитница/кредитница для мужчин,визитница/кредитница для мужчин,59962.020000000004,229
Восстановитель пластика автомобильный,восстановитель пластика автомобильный,59152.869999999995,120
Кардиган для мужчин,кардиган для мужчин,58701.28,43
"Витамины жидкие, растворимые","витамины жидкие, растворимые",58646.36999999999,106
Матрас для шезлонга,матрас для шезлонга,58461.57,71
Ароматическое масло,ароматическое масло,58174.020000000004,113
Мячики для собак,мячики для собак,58014.90000000001,402
Ковры,ковры,57596.53,52
Измеритель стопы,измеритель стопы,57563.98,55
Сушилка для белья на ванну,сушилка для белья на ванну,57182.81,49
Пазлы настольные,пазлы настольные,57007.83000000001,404
Туристические коврики и сидушки,туристические коврики и сидушки,56930.85,71
Аккумулятор холода,аккумулятор холода,56791.69999999999,117
Шапка женская,шапка женская,56535.82,48
Сапы,сапы,56497.0,4
Молоко растительное детское,молоко растительное детское,56299.909999999996,360
Садовые инструменты,садовые инструменты,56254.83,90
Мокасины для мужчин,мокасины для мужчин,55342.91,26
Ароматическая лампа,ароматическая лампа,55279.42999999999,69
Гематоген,гематоген,55076.12,51
Моноблок,моноблок,54890.0,1
Садовый павильон,садовый павильон,54859.9,28
Ходьба,ходьба,54398.0,15
Товары для выпечки прочие,товары для выпечки прочие,54049.329999999994,177
Наборы для бровей,наборы для бровей,53956.560000000005,289
Самоучители,самоучители,53461.08,82
Аксессуары для кормления,аксессуары для кормления,53432.36,107
Каркасный бассейн,каркасный бассейн,53327.4,20
Канализация и системы слива,канализация и системы слива,53281.869999999995,191
Вышивка,вышивка,53121.49,186
Ножницы для кошек,ножницы для кошек,53067.49,37
Теплоносители для систем отопления,теплоносители для систем отопления,52919.850000000006,128
"Чехлы для диванов, дивандеки и наборы чехлов для нескольких диванов","чехлы для диванов, дивандеки и наборы чехлов для нескольких диванов",52917.560000000005,57
Кефир на растительной основе,кефир на растительной основе,52848.100000000006,678
От блох и клещей,от блох и клещей,52803.52000000002,193
Фоторамки,фоторамки,52574.57,72
Соски,соски,52471.68,76
Аспираторы детские,аспираторы детские,52033.0,46
Мастурбаторы-фонарики,мастурбаторы-фонарики,51621.770000000004,57
"Средства для лечения себореи, псориаза, аллопеции","средства для лечения себореи, псориаза, аллопеции",50323.39000000001,61
Ватная продукция детская,ватная продукция детская,50234.78,234
Кепка мужская,кепка мужская,50130.82000000001,57
Аксессуары для приготовления кофе,аксессуары для приготовления кофе,49980.049999999996,99
Символ года,символ года,49680.96,610
Смартфоны Realme,смартфоны realme,49671.0,3
Очиститель салона автомобиля,очиститель салона автомобиля,49556.70999999999,150
Комплект одежды для женщин,комплект одежды для женщин,49283.950000000004,38
Подушка 70х70,подушка 70х70,49066.979999999996,10
Худи и толстовки для малышей,худи и толстовки для малышей,48498.75,31
Пояс для кимоно,пояс для кимоно,48333.60999999999,346
Гёдза,гёдза,48265.10999999999,88
Гибкий неон,гибкий неон,47997.57,30
Текстиль для кухни и столовой прочее,текстиль для кухни и столовой прочее,47934.170000000006,86
Футбольные вратарские перчатки,футбольные вратарские перчатки,47889.0,20
Карты таро,карты таро,47713.64,59
"Цепь, колье для женщин","цепь, колье для женщин",47596.67999999999,157
Серьги бижутерные женские,серьги бижутерные женские,47424.23,78
Автомобильные зарядные устройства,автомобильные зарядные устройства,47170.86,79
"Спорт, красота и здоровье","спорт, красота и здоровье",46885.6,62
Вкладыши в бюстгалтер,вкладыши в бюстгалтер,46568.79,219
Свечи и мыловарение,свечи и мыловарение,46431.11000000001,96
Икра черная,икра черная,46396.43,18
Туристическая мебель,туристическая мебель,46176.35,65
Сахар прочий,сахар прочий,46046.78,159
Формы для запекания,формы для запекания,45888.219999999994,129
Хлоргенератор для бассейна,хлоргенератор для бассейна,45220.95,12
Набор автокосметики,набор автокосметики,45158.0,77
Диагональ 60-65,диагональ 60-65,44921.37,22
Шампур,шампур,44805.39,128
Сушилка для обуви,сушилка для обуви,44774.74999999999,163
Подставки для ножей,подставки для ножей,44679.85999999999,37
Сетевые адаптеры,сетевые адаптеры,44432.46000000001,247
Тинт для бровей,тинт для бровей,44363.100000000006,142
Умные спортивные часы и пульсометры,умные спортивные часы и пульсометры,44274.0,1
Молокоотсосы и аксессуары,молокоотсосы и аксессуары,44265.0,23
Майки для девочек,майки для девочек,43910.8,223
Прочие средства для загара,прочие средства для загара,43904.850000000006,90
Очиститель кузова автомобиля,очиститель кузова автомобиля,43862.48,139
Наборы для чистки бассейна,наборы для чистки бассейна,43345.34,54
Столовые ножи,столовые ножи,43277.469999999994,137
Соевая продукция,соевая продукция,43216.880000000005,264
Защитная одежда и принадлежности,защитная одежда и принадлежности,42927.90999999999,287
Горшки для рассады,горшки для рассады,42924.66,203
Анальные цепочки,анальные цепочки,42480.58,173
Теннисные ракетки,теннисные ракетки,42240.0,9
Плавание,плавание,41996.3,184
Подставки для книг,подставки для книг,41743.06,107
Аксессуары для тяжелой атлетики,аксессуары для тяжелой атлетики,41394.87000000001,341
Прорезыватели детские,прорезыватели детские,41066.25,95
Валяние из шерсти,валяние из шерсти,41002.259999999995,81
"Дневники школьные, расписания уроков","дневники школьные, расписания уроков",40599.17999999999,419
Маска для путешествий,маска для путешествий,39986.19,193
Лосьоны детские,лосьоны детские,39691.65,91
Кепка женская,кепка женская,39612.67,40
Аксессуары для плит и духовок,аксессуары для плит и духовок,39582.53999999999,183
Детские автокресла и бустеры,детские автокресла и бустеры,39268.0,22
Варежки,варежки,39264.380000000005,43
Nintendo,nintendo,39009.0,1
"Резиновые сапоги, галоши для мужчин","резиновые сапоги, галоши для мужчин",38852.28999999999,34
Панама для мужчин,панама для мужчин,38720.17,64
Перчатки детские,перчатки детские,38664.49,80
"Майка, топ для мужчин","майка, топ для мужчин",38657.08,40
Органайзер для ванной,органайзер для ванной,38101.700000000004,150
Набор для выращивания,набор для выращивания,38099.06999999999,177
Противень,противень,37965.0,29
Вакуумный очиститель для бассейна,вакуумный очиститель для бассейна,37406.49,17
Спортивные наручные часы,спортивные наручные часы,37366.490000000005,55
"Стабилизаторы, моноподы, селфи палки","стабилизаторы, моноподы, селфи палки",37104.840000000004,109
Настольная электрическая плитка,настольная электрическая плитка,37092.880000000005,17
Футбольные щитки,футбольные щитки,37090.19,25
Средства и салфетки для очистки кистей,средства и салфетки для очистки кистей,37055.8,63
Электростимуляторы,электростимуляторы,36847.0,10
Сметана на растительной основе,сметана на растительной основе,36679.22,340
Упаковочные аксессуары,упаковочные аксессуары,36645.79000000001,200
Наволочка 70х70,наволочка 70х70,36596.28,100
Порционные сливки,порционные сливки,36424.55,392
Клипса крепежная автомобильная,клипса крепежная автомобильная,36398.409999999996,242
Подставки для монитора,подставки для монитора,36354.0,9
Коврик для выпечки,коврик для выпечки,36272.91,152
Массажёры простаты,массажёры простаты,36208.75,18
Шляпы детские,шляпы детские,36206.45,239
Когтерезы для кошек,когтерезы для кошек,36176.28,107
Автозапчасти общая,автозапчасти общая,36068.130000000005,31
Напитки и морсы,напитки и морсы,35540.14,219
Карповые виды вяленой рыбы,карповые виды вяленой рыбы,35201.42,69
Коврик для бани,коврик для бани,34488.96,61
Скрепки и диспенсеры,скрепки и диспенсеры,34454.59,212
Губка для обуви,губка для обуви,34353.28,94
Миски и поилки для грызунов,миски и поилки для грызунов,34276.63,303
Бокс с подарком,бокс с подарком,33968.84,24
Воланы для бадминтона,воланы для бадминтона,33706.91,74
Держатель для туалетной бумаги,держатель для туалетной бумаги,33631.16,75
Рыбные котлеты,рыбные котлеты,33427.97,91
"Светодиодная лента, гибкий неон, дюралайт","светодиодная лента, гибкий неон, дюралайт",32299.239999999998,34
Средства для ухода за игрушками,средства для ухода за игрушками,32264.149999999998,51
Маска для сна,маска для сна,32035.02,71
Наборы автомобилиста,наборы автомобилиста,31856.16,65
Декали,декали,31791.89,5
Коврики для сушки посуды,коврики для сушки посуды,31737.050000000003,147
Книги для родителей,книги для родителей,31708.04,68
Аксессуары для обуви,аксессуары для обуви,31659.21,33
"Брюки, шорты, легинсы","брюки, шорты, легинсы",31499.7,37
Баранина стейки охлажденные,баранина стейки охлажденные,31412.489999999998,22
Бады для иммунитета,бады для иммунитета,31359.92,30
Справочники и сборники задач,справочники и сборники задач,31270.37,88
Хлопья пшенные,хлопья пшенные,31048.97,167
Автономные отопительные приборы,автономные отопительные приборы,30776.29,11
Уход за зубами для собак,уход за зубами для собак,30692.689999999995,74
Мясные консервы с крупами,мясные консервы с крупами,30670.219999999998,183
Запчасти для садовой техники,запчасти для садовой техники,30504.010000000002,26
"Пароварки, скороварки, мантоварки","пароварки, скороварки, мантоварки",30328.0,10
Наполнители для грызунов,наполнители для грызунов,30174.73,62
Брошь бижутерия,брошь бижутерия,29857.81,92
Комиксы,комиксы,29344.059999999998,49
Подсвечник новогодний,подсвечник новогодний,29143.609999999997,158
Зажимы для пакетов,зажимы для пакетов,28979.32,232
Бант декоративный,бант декоративный,28925.409999999996,236
Органайзеры для автомобилей,органайзеры для автомобилей,28838.89,38
Шарфы детские,шарфы детские,28728.640000000003,92
Баранина крупнокусковая охлажденная,баранина крупнокусковая охлажденная,28718.17,32
Свинина ребра охлажденные,свинина ребра охлажденные,28277.13,84
Ложки чайные,ложки чайные,28008.350000000002,58
Сушка для фруктов,сушка для фруктов,27999.72,12
Столики для ноутбука,столики для ноутбука,27938.05,13
Маски-тубы-селектив,маски-тубы-селектив,27902.0,16
Безопасность ребенка,безопасность ребенка,27884.600000000002,57
Чернители и очистители шин,чернители и очистители шин,27733.599999999995,58
Ягоды протертые консервированные,ягоды протертые консервированные,27428.679999999997,174
Выдвижные корзины,выдвижные корзины,27137.250000000004,53
Жирные кислоты,жирные кислоты,27093.120000000003,19
Садовые покрытия,садовые покрытия,26925.39,65
Бананы Кавендиш жёлтые,бананы кавендиш жёлтые,26827.879999999997,365
Маслины с косточкой,маслины с косточкой,26386.059999999998,199
Стульчики для кормления,стульчики для кормления,26281.0,30
Лаки художественные,лаки художественные,26250.15,25
Держатели,держатели,26241.4,134
Присыпка детская,присыпка детская,26218.77,58
Майка для мужчин,майка для мужчин,26014.52,38
Квиллинг,квиллинг,25807.039999999997,243
Вязание,вязание,25360.89,44
Наборы для глаз,наборы для глаз,25019.07,41
Для моек высокого давления,для моек высокого давления,24909.55,17
Консервы сельдевые с добавлением масла,консервы сельдевые с добавлением масла,24901.420000000002,148
Белые вина Италии,белые вина италии,24514.0,9
Когтерезы для собак,когтерезы для собак,24504.48,63
Строительные материалы,строительные материалы,24421.120000000003,119
Товары для детейлинга,товары для детейлинга,24246.6,78
Сачок для бассейна,сачок для бассейна,24218.769999999997,46
Ручной полив,ручной полив,24187.89,53
Наборы подарочные косметические детские,наборы подарочные косметические детские,24055.08,37
Чокер бижутерный,чокер бижутерный,23966.63,41
Полироль,полироль,23827.66,53
Теплый пол,теплый пол,23760.0,3
Воски для автомобиля,воски для автомобиля,23631.170000000002,44
Джинсы для беременных,джинсы для беременных,23433.910000000003,14
Точечные вибраторы,точечные вибраторы,22697.739999999998,13
"Консервные ножи, открывалки для банок, бутылок","консервные ножи, открывалки для банок, бутылок",22533.300000000003,144
Опрыскиватели,опрыскиватели,22219.92,73
Кондиционер для кожи,кондиционер для кожи,22211.109999999997,55
Туника,туника,22000.25,12
Унитазы/Сливные баки/Биде,унитазы/сливные баки/биде,21797.079999999998,28
"Стулья для кухни, гостиной и спальни","стулья для кухни, гостиной и спальни",21645.0,15
Хлебцы протеиновые,хлебцы протеиновые,21536.09,224
Насадки для электрических зубных щеток,насадки для электрических зубных щеток,21468.54,27
Средства индивидуальной защиты,средства индивидуальной защиты,21312.54,202
Ремни и подтяжки детские,ремни и подтяжки детские,21238.73,21
Лакомства для грызунов,лакомства для грызунов,21182.969999999998,134
Коврики под компьютерные кресла,коврики под компьютерные кресла,20905.0,16
Газонокосилки,газонокосилки,20808.0,8
Фотооборудование,фотооборудование,20782.93,7
Кисти для губ,кисти для губ,20567.050000000003,149
Электрическая турка,электрическая турка,20249.89,20
Подставки для бумажных полотенец,подставки для бумажных полотенец,20119.750000000004,44
"Эфирные, аромамасла","эфирные, аромамасла",20032.349999999995,137
Ошейники для кошек,ошейники для кошек,20000.889999999996,123
Аксессуары для секс-игрушек,аксессуары для секс-игрушек,19995.6,23
Термопринтер,термопринтер,19990.0,1
Домики для кошек,домики для кошек,19944.95,37
Вакуумные помпы,вакуумные помпы,19924.0,5
Комплект женский,комплект женский,19888.0,9
Радиаторы и полотенцесушители,радиаторы и полотенцесушители,19875.61,5
Полка для ванной,полка для ванной,19840.409999999996,51
Сухие корма для собак крупных пород,сухие корма для собак крупных пород,19573.8,16
Детская психология и здоровье,детская психология и здоровье,19372.15,38
"Кепи, береты для мужчин","кепи, береты для мужчин",19299.0,14
Противень для гриля,противень для гриля,19140.74,28
"Газированные питьевые воды от 0,8л до 3л","газированные питьевые воды от 0,8л до 3л",19130.829999999998,85
Литые вагинальные шарики,литые вагинальные шарики,18891.03,36
Хренодер,хренодер,18883.99,205
Аксессуары для духовых музыкальных инструментов,аксессуары для духовых музыкальных инструментов,18881.0,15
Трубы и запорная арматура,трубы и запорная арматура,18697.03,71
Естественные науки,естественные науки,18670.85,19
Аксессуары для плиты,аксессуары для плиты,18656.89,34
Ливерные колбасы,ливерные колбасы,18651.61,68
Комбинезон для женщин,комбинезон для женщин,18643.010000000002,36
Набор инструментов для барбекю,набор инструментов для барбекю,18523.690000000002,20
Хлебопечки,хлебопечки,18498.0,2
Чулки,чулки,18006.15,32
Замороженные фаршированные изделия для приготовления,замороженные фаршированные изделия для приготовления,17963.88,71
Устройство для мобильного интернета,устройство для мобильного интернета,17958.0,12
Воздухоочиститель,воздухоочиститель,17851.0,11
Пляжная одежда для мальчиков,пляжная одежда для мальчиков,17521.62,10
Системы воздухообмена,системы воздухообмена,17436.03,15
Графический планшет,графический планшет,17402.85,9
Черный чай байховый аромат с цветоч-травян добав,черный чай байховый аромат с цветоч-травян добав,17338.5,54
Столики кофейные и сервировочные,столики кофейные и сервировочные,17314.59,13
Сумки детские,сумки детские,17261.0,7
"Горелки, грелки, зажигалки и кемпинговые лампы","горелки, грелки, зажигалки и кемпинговые лампы",17110.35,33
Кабель для компьютера,кабель для компьютера,16931.77,34
Карнизы для штор,карнизы для штор,16874.600000000002,151
Алкотестер,алкотестер,16818.47,14
Жакет для мужчин,жакет для мужчин,16818.0,4
Пастель,пастель,16744.9,39
Аксессуары для плавания,аксессуары для плавания,16721.05,89
Гольфы для женщин,гольфы для женщин,16613.0,48
"Бизнес, экономика","бизнес, экономика",16532.93,16
Карнавальные костюмы и аксессуары детские,карнавальные костюмы и аксессуары детские,16340.130000000001,43
Уход (лечебный)-селектив,уход (лечебный)-селектив,16257.029999999999,12
Универсальная смазка для автомобиля,универсальная смазка для автомобиля,16120.739999999998,76
Наборы чертежные,наборы чертежные,16006.24,161
Запарка для бани,запарка для бани,15939.0,40
"Платье, туника","платье, туника",15938.0,31
Кофе многопорционный,кофе многопорционный,15865.5,48
Садовая фигурка,садовая фигурка,15839.4,14
Дополнительные элементы полива,дополнительные элементы полива,15810.22,95
Совок,совок,15801.730000000001,98
Пуходерки для кошек,пуходерки для кошек,15780.21,112
Экшн-камеры и аксессуары,экшн-камеры и аксессуары,15705.94,21
Аксессуары для пылесоса,аксессуары для пылесоса,15671.730000000001,57
"Кнопки, булавки","кнопки, булавки",15660.949999999999,92
Рафинированное оливковое масло,рафинированное оливковое масло,15619.0,16
Влажные салфетки для экранов,влажные салфетки для экранов,15455.86,65
Шлейки для кошек,шлейки для кошек,15412.230000000001,78
Клетки для птиц,клетки для птиц,15402.999999999998,12
Полусапоги для мужчин,полусапоги для мужчин,15207.0,5
Смарт-браслеты,смарт-браслеты,15177.0,8
Намордники,намордники,15158.530000000002,79
Сборные модели,сборные модели,15024.34,17
Очки для вождения,очки для вождения,14987.82,17
Очистители рук,очистители рук,14826.060000000001,51
Формы для приготовления прочие,формы для приготовления прочие,14598.800000000001,64
Брюки специализированные мужские,брюки специализированные мужские,14520.0,3
Рыбная пельменная продукция,рыбная пельменная продукция,14471.0,13
Веник,веник,14451.17,73
Наборы для губ,наборы для губ,14364.33,24
Скобы для степлера,скобы для степлера,14272.15,127
Двусторонняя клейкая лента для автомобиля,двусторонняя клейкая лента для автомобиля,14152.23,58
Масло детское,масло детское,14107.07,53
Картридж для фильтра для бассейна,картридж для фильтра для бассейна,14094.769999999999,48
Дождеватели и аксессуары,дождеватели и аксессуары,14087.84,27
Скрапбукинг,скрапбукинг,13970.810000000001,90
Средства индивидуальной защиты (СИЗ),средства индивидуальной защиты (сиз),13884.869999999999,46
Наборы подарочные косметические мужские,наборы подарочные косметические мужские,13692.89,43
Мясо животных замороженное,мясо животных замороженное,13691.0,9
Спортивные полотенца,спортивные полотенца,13630.0,12
"Канистры, воронки и масленки","канистры, воронки и масленки",13518.41,16
SIM карты МТС,sim карты мтс,13508.550000000001,111
Пакетики для льда,пакетики для льда,13432.399999999998,137
Бады для нервной системы,бады для нервной системы,13430.56,9
Ножницы для собак,ножницы для собак,13380.48,21
Маски защитные одноразовые,маски защитные одноразовые,13354.119999999999,94
Чехлы и накидки на сиденья,чехлы и накидки на сиденья,13217.83,15
"Для аккумуляторных ножниц, секаторов и кусторезов","для аккумуляторных ножниц, секаторов и кусторезов",13181.58,9
Подготовка поверхности,подготовка поверхности,13126.56,86
Стойки и тумбы для телевизоров,стойки и тумбы для телевизоров,13033.0,4
Мебельные ручки,мебельные ручки,12968.71,14
Стилус,стилус,12870.0,1
Лакомства для птиц,лакомства для птиц,12830.78,88
Артбуки,артбуки,12740.07,13
Инструменты для сборных моделей,инструменты для сборных моделей,12607.380000000001,28
"Ванночки, горки, сиденья для купания","ванночки, горки, сиденья для купания",12598.130000000001,7
Верхняя одежда ветровки для девочек,верхняя одежда ветровки для девочек,12481.0,16
Щипцы для гриля,щипцы для гриля,12455.539999999999,48
Аксессуары для серверов,аксессуары для серверов,12417.03,6
Вышивание,вышивание,12396.41,12
Ночники детские,ночники детские,12386.0,15
Блоки самоклеящиеся,блоки самоклеящиеся,12232.9,118
Магнитно-маркерные доски,магнитно-маркерные доски,12211.14,15
Бельевые комплекты детские,бельевые комплекты детские,12209.51,27
Веер для раздува,веер для раздува,12200.38,88
Батарейки С,батарейки с,12048.68,39
Краска для кожаной одежды,краска для кожаной одежды,12003.65,38
Комплекты детские,комплекты детские,11974.0,6
"Шарфы, платки для мужчин","шарфы, платки для мужчин",11792.17,29
Москитная сетка и аксессуары,москитная сетка и аксессуары,11657.85,61
Зажимы для бумаг,зажимы для бумаг,11597.189999999999,46
Наборы аккумуляторов и зарядных устройств,наборы аккумуляторов и зарядных устройств,11524.0,11
Фитолампы,фитолампы,11501.57,35
Автопарфюм,автопарфюм,11493.9,35
Сетевая карта,сетевая карта,11440.0,7
Трусы детские,трусы детские,11434.05,28
Встроенные и накладные точечные споты,встроенные и накладные точечные споты,11431.189999999999,25
Елочная игрушка,елочная игрушка,11411.44,72
Ароматические диффузоры,ароматические диффузоры,11400.05,40
Воск для обуви,воск для обуви,11323.26,52
Волейбольные мячи,волейбольные мячи,11312.45,11
Комбинезоны для мальчиков,комбинезоны для мальчиков,11209.57,14
"Книги для подготовки к ЕГЭ, ОГЭ","книги для подготовки к егэ, огэ",11071.96,23
"Качели, шезлонги, ходунки","качели, шезлонги, ходунки",11016.49,9
Имбирь для суши,имбирь для суши,10952.960000000001,40
Совки,совки,10771.25,112
Ракетки для настольного тенниса,ракетки для настольного тенниса,10567.87,21
Игровой руль,игровой руль,10390.0,10
Панама женская,панама женская,10350.07,11
Керамические покрытия автомобиля,керамические покрытия автомобиля,10338.560000000001,15
Верхняя одежда жилеты для мальчиков,верхняя одежда жилеты для мальчиков,10204.52,12
Присадка,присадка,10133.08,23
Мольберты и холсты,мольберты и холсты,10115.96,12
Бады для костей и суставов,бады для костей и суставов,9934.0,8
Декоративная интимная косметика,декоративная интимная косметика,9915.0,4
Антикор,антикор,9874.2,19
Масляные краски,масляные краски,9839.0,16
Герметик автомобильный,герметик автомобильный,9809.36,27
Специальное покрытие,специальное покрытие,9777.33,15
Теплый водяной пол,теплый водяной пол,9748.84,5
Чай детский,чай детский,9453.0,33
Верхняя одежда жилеты для девочек,верхняя одежда жилеты для девочек,9409.3,23
Микроволновая печь соло,микроволновая печь соло,9380.0,2
Панама для женщин,панама для женщин,9350.39,10
Накидки защитные на автомобиль,накидки защитные на автомобиль,9344.68,25
Банная станция,банная станция,9329.76,20
Циркули,циркули,9300.75,75
Ковш для бани,ковш для бани,9240.0,12
Инфракрасный,инфракрасный,9195.0,1
Разветвитель для прикуривателя,разветвитель для прикуривателя,9158.060000000001,18
Насосы,насосы,9139.0,3
Баскетбол,баскетбол,8999.0,2
Органайзер/кошелек дорожный,органайзер/кошелек дорожный,8973.0,9
Бады для коррекции фигуры,бады для коррекции фигуры,8964.529999999999,35
Хрестоматия,хрестоматия,8957.0,19
От муравьев и садовых вредителей,от муравьев и садовых вредителей,8925.61,116
Пылесосы с пылесборником,пылесосы с пылесборником,8874.0,23
Вантуз,вантуз,8812.619999999999,49
Веник для бани,веник для бани,8753.0,9
Уход за ушами для собак,уход за ушами для собак,8684.95,26
Чехлы и кофры,чехлы и кофры,8650.17,13
"Кунжут, кориандр, кумин","кунжут, кориандр, кумин",8601.869999999999,255
Подставка для цветов,подставка для цветов,8490.19,9
Видеорегистраторы,видеорегистраторы,8457.87,4
Комплект для мужчин,комплект для мужчин,8326.27,32
Подставка для ноутбука,подставка для ноутбука,8324.98,35
Подставки для ног,подставки для ног,8228.029999999999,9
Декорации для аквариума,декорации для аквариума,8208.66,21
Упаковка для мороженого,упаковка для мороженого,8104.67,47
Поглотители запаха,поглотители запаха,8097.0,19
Зарядные устройства д/аккумуляторов,зарядные устройства д/аккумуляторов,8067.13,20
Корзина для пикника,корзина для пикника,8020.1900000000005,26
Термометры для мяса для гриля,термометры для мяса для гриля,7975.060000000001,55
Чехол для гладильной доски,чехол для гладильной доски,7950.0,6
Кухонный комбайн,кухонный комбайн,7939.0,3
Сушилка для посуды,сушилка для посуды,7922.0,10
Подголовник для бани,подголовник для бани,7915.4400000000005,10
Дачный умывальник,дачный умывальник,7911.0,5
Крышка для СВЧ,крышка для свч,7865.51,49
"Глобусы, карты и атласы","глобусы, карты и атласы",7852.0,9
Хранение посуды прочее,хранение посуды прочее,7845.29,23
Сушеные грибы,сушеные грибы,7830.52,28
Коляски детские,коляски детские,7766.36,21
Впитывающие простыни,впитывающие простыни,7705.0,7
Аксессуар для цветочных горшков,аксессуар для цветочных горшков,7657.78,67
Корма для грызунов,корма для грызунов,7611.0199999999995,40
Дренажный насос,дренажный насос,7562.0,6
Спреи для очистки досок,спреи для очистки досок,7449.0,19
Ванны и ширмы для ванн,ванны и ширмы для ванн,7345.21,25
Дыроколы,дыроколы,7310.65,26
Шорты для беременных,шорты для беременных,7299.0,4
Видеокамеры,видеокамеры,7289.99,2
Самогонный аппарат и комплектующие,самогонный аппарат и комплектующие,7239.0,4
Пролонгаторы,пролонгаторы,6900.0,15
Привод велосипеда,привод велосипеда,6843.66,12
Нейтрализаторы запахов для автомобиля,нейтрализаторы запахов для автомобиля,6831.950000000001,34
Комплект щеток стеклоочистителя,комплект щеток стеклоочистителя,6736.01,10
Топы и бюстгалтеры детские,топы и бюстгалтеры детские,6719.86,26
Ароматические свечи,ароматические свечи,6715.0,6
Мокасины для мальчиков,мокасины для мальчиков,6693.18,7
Эспадрильи для мужчин,эспадрильи для мужчин,6655.04,3
Бады для похудения,бады для похудения,6652.929999999999,24
Двери входные,двери входные,6573.750000000001,29
Бады для женского здоровья,бады для женского здоровья,6569.76,15
Новогодние сувениры,новогодние сувениры,6538.98,79
"Винные полки, стеллажи, подставки и стойки","винные полки, стеллажи, подставки и стойки",6492.8,18
Пляжная одежда для девочек,пляжная одежда для девочек,6488.0599999999995,5
Дезодоранты для ног,дезодоранты для ног,6329.0,3
Эспадрильи для женщин,эспадрильи для женщин,6309.0,2
Аксессуары для часов,аксессуары для часов,6225.22,10
От клопов и блох,от клопов и блох,6223.4400000000005,33
Внутренний HDD диск,внутренний hdd диск,6200.0,1
Рамки под номер,рамки под номер,6195.0,5
Резиновые сапоги для мальчиков,резиновые сапоги для мальчиков,6188.0,20
"Баки, бочки, лейки, емкости для воды","баки, бочки, лейки, емкости для воды",6150.0,4
Ведро для швабры,ведро для швабры,6056.0,5
Для бритья прочее,для бритья прочее,6052.0,8
Футболка домашня женская,футболка домашня женская,6051.6,15
Подготовка к школе,подготовка к школе,6043.49,11
"Слинги, рюкзаки, переноски и сумки для родителей","слинги, рюкзаки, переноски и сумки для родителей",6019.76,3
"Комоды, пеленальные столики, доски","комоды, пеленальные столики, доски",6018.3,9
Для цепных пил,для цепных пил,6012.0,6
Ключница,ключница,6000.0,1
Сухие отбеливатели,сухие отбеливатели,5931.95,18
Ремешки для смарт-часов,ремешки для смарт-часов,5834.09,12
Органайзер,органайзер,5722.0,12
Сланцы для девочек,сланцы для девочек,5719.42,23
Акустические системы Hi-Fi,акустические системы hi-fi,5636.0,6
Литература на иностранном языке,литература на иностранном языке,5636.0,6
Соединительные элементы для полива,соединительные элементы для полива,5568.49,19
Разветвитель для компьютера,разветвитель для компьютера,5563.0,8
Специализированные автомобильный инструмент,специализированные автомобильный инструмент,5530.0,11
Для мотобуров,для мотобуров,5528.0,6
Перчатки нитриловые,перчатки нитриловые,5482.249999999999,61
Диагональ 36-45,диагональ 36-45,5383.16,13
Рынок.Чеснок,рынок.чеснок,5371.0,40
Аксессуар для бани,аксессуар для бани,5290.0,21
Комбинация,комбинация,5259.0,9
Хранение игрушек,хранение игрушек,5246.0,2
Приемник Wi-Fi,приемник wi-fi,5235.629999999999,9
Подушка для подвесного кресла,подушка для подвесного кресла,5220.37,4
Комплект мужской,комплект мужской,5097.0,3
Варежки для женщин,варежки для женщин,4981.0,3
Очистители узлов и агрегатов,очистители узлов и агрегатов,4914.41,12
Велосипедные тормоза,велосипедные тормоза,4904.0,4
Кардиотренажеры,кардиотренажеры,4902.0,10
Решетки для гриля,решетки для гриля,4887.0599999999995,4
Колеса и шары,колеса и шары,4799.0,11
Декоративная елочка,декоративная елочка,4749.9400000000005,18
Тенты,тенты,4700.0,3
Прочие инструменты для моторной группы,прочие инструменты для моторной группы,4695.0,1
Термопаста,термопаста,4477.03,20
Лопатка для гриля,лопатка для гриля,4459.0,11
Мухобойки,мухобойки,4398.110000000001,9
Заколка - невидимка,заколка - невидимка,4383.0,12
"Путешествия, путеводители","путешествия, путеводители",4375.0,1
Майка для беременных,майка для беременных,4375.0,21
Световой занавес,световой занавес,4372.59,6
Бананы красные,бананы красные,4350.95,21
Рисование,рисование,4338.0,4
Аксессуары для биотуалета,аксессуары для биотуалета,4336.0,5
Крючок для елочных украшений,крючок для елочных украшений,4321.59,43
Бады для ЖКТ,бады для жкт,4313.0,7
Ретранслятор Wi-Fi сигнала,ретранслятор wi-fi сигнала,4271.0,4
Полироль для салона,полироль для салона,4263.82,17
Аккумуляторные ножницы и секаторы,аккумуляторные ножницы и секаторы,4257.0,5
Наборы подарочные детские косметические,наборы подарочные детские косметические,4224.0,4
Фартук,фартук,4131.8099999999995,11
Невидимки,невидимки,4128.59,35
Пластиковые переноски,пластиковые переноски,4107.0,4
Жидкость для биотуалета,жидкость для биотуалета,4088.65,11
Консервирование прочее,консервирование прочее,4071.74,59
"Мебельные опоры, ножки, подстолья, колеса","мебельные опоры, ножки, подстолья, колеса",4034.78,25
"Мускатный орех, барбарис","мускатный орех, барбарис",4021.9700000000003,43
"Педагогика, психология, социальная работа","педагогика, психология, социальная работа",4018.0,5
Массажные гели,массажные гели,4012.0,6
Почтовые марки,почтовые марки,4000.0,2
Консервы из сайры натуральные,консервы из сайры натуральные,3989.34,13
Набор для бани,набор для бани,3983.49,12
Волейбольные сетки,волейбольные сетки,3982.0,4
Шапка для бани,шапка для бани,3945.0,17
Фитнес браслеты и трекеры,фитнес браслеты и трекеры,3876.4,6
Прочий перец,прочий перец,3833.6400000000003,53
Средства для снятия лака,средства для снятия лака,3820.49,24
Ведро для бани,ведро для бани,3807.0,6
Защитные накладки и протекторы на мебель,защитные накладки и протекторы на мебель,3764.88,109
"Чехлы, пленки, защитные стекла для планшетов","чехлы, пленки, защитные стекла для планшетов",3746.0,4
Халаты детские,халаты детские,3720.0,1
Конфетти,конфетти,3687.68,28
Держатель для полотенец,держатель для полотенец,3638.9,18
Шнурки,шнурки,3610.88,28
Костюмный жилет женский,костюмный жилет женский,3604.0,4
Увлажнение и питание кожи тела-селектив,увлажнение и питание кожи тела-селектив,3602.96,18
Кипятильники,кипятильники,3574.0,12
Стельки,стельки,3536.3700000000003,20
Подгузники для взрослых,подгузники для взрослых,3487.0,3
Файлы,файлы,3410.0,7
Картины из ниток (стринг арт),картины из ниток (стринг арт),3396.43,5
Средства по уходу за велосипедом,средства по уходу за велосипедом,3361.6400000000003,24
Треккинговые палки,треккинговые палки,3318.9,26
Скребок для стеклокерамики и сменные лезвия,скребок для стеклокерамики и сменные лезвия,3315.1099999999997,47
Наклейки для коллекционирования,наклейки для коллекционирования,3250.17,25
Газоотводные трубки для новорожденных,газоотводные трубки для новорожденных,3210.0,9
Осветители и вспышки,осветители и вспышки,3205.0,4
Док-станция для ноутбука,док-станция для ноутбука,3190.0,1
Запасные ножи,запасные ножи,3182.09,16
Ветка хвойная,ветка хвойная,3098.2799999999997,12
"Чеснок, имбирь, куркума","чеснок, имбирь, куркума",3083.55,42
Тканевые салфетки для авто,тканевые салфетки для авто,3075.8199999999997,8
Презентер,презентер,3056.0,2
Крючки и держатели на рейлинг,крючки и держатели на рейлинг,3050.0,11
Магнезия и мешочки,магнезия и мешочки,3025.0,6
Комплект белья для женщин,комплект белья для женщин,3011.0,4
Домкраты,домкраты,2963.83,2
Майки детские,майки детские,2942.93,6
Полка для бани,полка для бани,2909.0,4
Платья и сарафаны для малышей,платья и сарафаны для малышей,2903.9700000000003,4
Прочие средства женской гигиены,прочие средства женской гигиены,2899.0,11
Наборы оснастки,наборы оснастки,2895.64,4
Пресс для гамбургеров,пресс для гамбургеров,2880.0,12
Термометр банный,термометр банный,2878.26,7
Мячи для настольного тенниса,мячи для настольного тенниса,2807.48,13
Аксессуары для утюгов и парогенераторов,аксессуары для утюгов и парогенераторов,2793.21,15
Дезодоранты мужские ролики-селектив,дезодоранты мужские ролики-селектив,2745.0,1
Сухие бассейны и аксессуары,сухие бассейны и аксессуары,2720.0,2
Пляжная одежа,пляжная одежа,2693.59,5
Набор автомобильных предохранителей,набор автомобильных предохранителей,2669.1400000000003,8
Халат для женщин,халат для женщин,2668.0,1
Ортопедическая обувь для женщин,ортопедическая обувь для женщин,2621.0,4
Корица,корица,2619.72,19
Чехлы и мешки для колес,чехлы и мешки для колес,2615.75,12
Теннисные аксессуары,теннисные аксессуары,2607.0,1
Аквариумы,аквариумы,2583.0,12
"Бусины, стразы, тики для волос","бусины, стразы, тики для волос",2555.83,7
Аксессуары для консервирования,аксессуары для консервирования,2516.94,36
"Платье, сарафан, туника","платье, сарафан, туника",2455.0,3
Клемма аккумуляторная,клемма аккумуляторная,2421.0,3
Автоатрибутика,автоатрибутика,2421.0,5
Спреи-селектив,спреи-селектив,2390.0,1
Полки на рейлинг,полки на рейлинг,2382.0,6
Для бритья кремы,для бритья кремы,2381.9700000000003,7
Закуски,закуски,2333.0300000000007,54
Бельевая веревка,бельевая веревка,2303.0,12
Перец черный молотый,перец черный молотый,2286.0,7
Коммутатор,коммутатор,2258.0,5
"Кепи, береты для женщин","кепи, береты для женщин",2231.0,2
Аксессуары для холодильников,аксессуары для холодильников,2195.0,5
Конверты и курьерские пакеты,конверты и курьерские пакеты,2138.87,6
Декоративные тарелки,декоративные тарелки,2102.0,3
Балансборды,балансборды,2094.0,3
Спортивные комплексы,спортивные комплексы,2081.0,3
Перловая крупа рассыпная,перловая крупа рассыпная,2079.0,21
Футляр для очков,футляр для очков,2072.9300000000003,3
Хозяйственная сумка,хозяйственная сумка,2062.0,6
Раскоксовыватель,раскоксовыватель,2043.2,4
Смесь перцев,смесь перцев,2023.6899999999998,73
Сотейники,сотейники,2023.0,1
Готовальни,готовальни,1988.0,3
Познавательная литература,познавательная литература,1982.97,11
Теннисные сетки,теннисные сетки,1967.0,7
Куртка кожаная мужская,куртка кожаная мужская,1963.19,1
"Дутики, валенки для мужчин","дутики, валенки для мужчин",1960.0,2
Аксессуары для стиральных и сушильных машин,аксессуары для стиральных и сушильных машин,1952.0,3
Фотоэпилятор,фотоэпилятор,1951.0,1
Аксессуары для пароочистителей,аксессуары для пароочистителей,1938.0,2
Влажные салфетки для оптики,влажные салфетки для оптики,1912.3,31
Вилка для барбекю,вилка для барбекю,1892.81,7
Лечение волос-селектив,лечение волос-селектив,1892.27,9
Журнал,журнал,1890.0,3
Бальзамы и кондиционеры-селектив,бальзамы и кондиционеры-селектив,1869.0,1
Джемперы и свитшоты для малышей,джемперы и свитшоты для малышей,1857.19,9
Чехол-дождевик для обуви,чехол-дождевик для обуви,1838.52,9
Для газонокосилок,для газонокосилок,1832.0,2
Специализированные очки,специализированные очки,1828.05,7
Удилища и комплекты,удилища и комплекты,1792.0,2
Кросс-тренинг,кросс-тренинг,1734.0,5
Аксессуары для купания,аксессуары для купания,1722.0,6
Гуманитарные и общественные науки,гуманитарные и общественные науки,1705.0,1
Стилусы,стилусы,1699.26,24
Витамины и добавки,витамины и добавки,1663.65,14
Комплект футболок для мужчин,комплект футболок для мужчин,1652.0,2
Краски для наружных работ,краски для наружных работ,1636.0,2
Фильтр масляный двигателя,фильтр масляный двигателя,1627.0,4
Пасты смешанные,пасты смешанные,1620.0,6
Средство для суставов и связок,средство для суставов и связок,1617.0,1
Полки для обуви,полки для обуви,1606.76,8
Транспортиры,транспортиры,1602.0400000000002,29
Столы кухонные и обеденные,столы кухонные и обеденные,1601.0,1
Увлажнение и питание кожи рук-селектив,увлажнение и питание кожи рук-селектив,1575.44,7
Наборы для барбекю,наборы для барбекю,1549.0,1
Приборы учета и измерений,приборы учета и измерений,1548.0,2
Каминный набор,каминный набор,1510.0,2
Тепловентилятор,тепловентилятор,1500.0,1
Блузка для беременных,блузка для беременных,1499.0,1
Подарочная коробка,подарочная коробка,1489.0,9
Анальные релаксанты,анальные релаксанты,1478.46,4
Рыболовные подсачеки и садки,рыболовные подсачеки и садки,1478.0,2
Зажим для волос,зажим для волос,1443.0,6
Брошь бижутерная,брошь бижутерная,1419.0,3
Анальный душ,анальный душ,1414.0,1
Газлифты мебельные,газлифты мебельные,1411.0,1
Комплекты стаканов с кувшином,комплекты стаканов с кувшином,1399.0,1
Спортивные напитки,спортивные напитки,1365.18,11
Стилусы для планшетов,стилусы для планшетов,1351.8500000000001,10
Репа,репа,1336.0,16
"Компьютеры, интернет, информатика","компьютеры, интернет, информатика",1311.0,1
Коврики под миску для кошек,коврики под миску для кошек,1299.24,2
Книги для ДОУ,книги для доу,1299.0,2
Наборы накладных ресниц,наборы накладных ресниц,1298.0,9
Ручка для посуды,ручка для посуды,1296.02,14
Сабо для мальчиков,сабо для мальчиков,1289.82,5
Шторки солнцезащитные,шторки солнцезащитные,1280.56,4
Слипоны для мальчиков,слипоны для мальчиков,1273.49,3
Жидкость стеклоомывателя,жидкость стеклоомывателя,1251.0,3
Бестселлеры,бестселлеры,1250.0,1
Волейбольная защита,волейбольная защита,1236.0,2
Набор для ухода за обувью,набор для ухода за обувью,1233.0,2
Автомобильные пепельницы,автомобильные пепельницы,1213.0,3
Бананы мини,бананы мини,1200.0,10
Нагрудники детские,нагрудники детские,1198.94,3
Аксессуары для рабочего стола,аксессуары для рабочего стола,1197.0,2
Кольца лассо с вибростимулятором,кольца лассо с вибростимулятором,1196.0,1
Для триммеров садовых,для триммеров садовых,1149.0,7
Подарки в текстильной упаковке,подарки в текстильной упаковке,1125.0,5
Гидрогель для рассады,гидрогель для рассады,1090.0,1
Точка доступа Wi-Fi,точка доступа wi-fi,1086.0,1
Светильник для бани,светильник для бани,1083.0,2
Наборы подарочные,наборы подарочные,1075.0,2
Проволока для подвязки растений,проволока для подвязки растений,1058.0,6
Игрушки для птиц,игрушки для птиц,1036.0,2
Диагностическое оборудование для автомобилей,диагностическое оборудование для автомобилей,1030.0,3
Консервы из субпродуктов,консервы из субпродуктов,1024.0,5
Армейские и оружейные сейфы и шкафы,армейские и оружейные сейфы и шкафы,1013.0,1
Чехол для чемодана,чехол для чемодана,1009.0,1
Струны,струны,1003.0,2
"Картофель мытый, не упакованный","картофель мытый, не упакованный",995.0,4
Промывка,промывка,972.0,3
Кремы для обуви,кремы для обуви,968.81,16
Наушники,наушники,960.74,4
Натуральные грибы,натуральные грибы,939.0,4
"Брюки, шорты, леггинсы","брюки, шорты, леггинсы",914.0,1
Посуда и столовые приборы,посуда и столовые приборы,905.67,3
Домики для собак,домики для собак,905.0,1
Часы для бани,часы для бани,899.0,2
Прочие средства для розжига,прочие средства для розжига,880.0,7
Пленки,пленки,877.62,6
Оконная фурнитура,оконная фурнитура,864.0,3
Ремкомплект для шин,ремкомплект для шин,861.0,3
Графические романы,графические романы,829.0,1
Замороженные белые грибы,замороженные белые грибы,818.0,2
Автозеркала,автозеркала,812.0,1
Мицеллярные средства-селектив,мицеллярные средства-селектив,804.0,1
Одеяло 1 сп,одеяло 1 сп,801.0,1
Ледоходы,ледоходы,795.0,2
Переходник автомобильный,переходник автомобильный,790.0,1
Покрытия для дерева,покрытия для дерева,788.33,1
Школьные учебники,школьные учебники,770.0,2
Лупы,лупы,765.02,7
Чехлы на стулья,чехлы на стулья,747.64,17
Аксессуары разное,аксессуары разное,738.0,3
Методические материалы,методические материалы,735.47,5
Слипоны для девочек,слипоны для девочек,726.0,3
Ласты для плавания,ласты для плавания,722.0,1
Калька,калька,717.27,7
Набор клемм,набор клемм,702.0,2
Сланцы для мальчиков,сланцы для мальчиков,697.0,1
Поглотители д/холодильников,поглотители д/холодильников,696.0,2
Обивка/монтаж/отделка,обивка/монтаж/отделка,686.0,1
"Подарочные ежедневники, записные книжки","подарочные ежедневники, записные книжки",680.0,2
Влажные салфетки для авто,влажные салфетки для авто,676.0,4
Шляпа женская,шляпа женская,675.0,1
Зонт пляжный,зонт пляжный,666.0,2
Мастихины,мастихины,607.51,3
Чешки для мальчиков,чешки для мальчиков,599.0,1
Средства для борьбы с молью,средства для борьбы с молью,599.0,3
Митенки,митенки,583.0,1
Джиббитсы,джиббитсы,582.87,182
Емкости дорожные,емкости дорожные,570.23,4
Мойки,мойки,556.0,1
Уход за очками,уход за очками,527.0,1
Корма для птиц,корма для птиц,521.0,1
Ловушки от грызунов,ловушки от грызунов,500.0,5
Теннис,теннис,496.0,1
Силовые тренажеры,силовые тренажеры,479.0,1
Инжир,инжир,475.0,1
"Ложка, рожок для обуви","ложка, рожок для обуви",447.0,3
Туалеты,туалеты,446.0,2
Чехол для электронной книги,чехол для электронной книги,438.0,1
Герметик для радиатора,герметик для радиатора,430.19,8
Термоноски для женщин,термоноски для женщин,425.0,1
Клей универсальный автомобильный,клей универсальный автомобильный,420.0,2
SIM карты Мегафон,sim карты мегафон,409.0,4
Эмали,эмали,397.0,2
Клей для накладных ресниц,клей для накладных ресниц,387.0,1
Перец красный молотый,перец красный молотый,385.0,11
Сумка для хранения ели,сумка для хранения ели,379.0,1
Средства от грызунов,средства от грызунов,374.0,2
Системы выдвижения ящиков (направляющие для ящиков/метабоксы),системы выдвижения ящиков (направляющие для ящиков/метабоксы),366.87,2
Средства защиты во время работы,средства защиты во время работы,350.0,1
"Бады для памяти, внимания","бады для памяти, внимания",340.0,1
Доски для черчения и рейсшины,доски для черчения и рейсшины,330.0,1
Педагогическая диагностика,педагогическая диагностика,307.0,1
Бады для мужского здоровья,бады для мужского здоровья,300.0,1
Точные виды спорта,точные виды спорта,289.0,1
"Измерители и реагенты для почвы, воды, бассейнов","измерители и реагенты для почвы, воды, бассейнов",270.56,4
Тепло/шумоизоляция,тепло/шумоизоляция,263.92,1
"Бады для волос, ногтей","бады для волос, ногтей",262.38,1
После бритья гели,после бритья гели,252.0,1
Очки для компьютера,очки для компьютера,250.0,2
Для снегоуборочной техники,для снегоуборочной техники,250.0,1
Прочая автохимия,прочая автохимия,247.49,2
Желток,желток,235.0,1
Корма для рыбок,корма для рыбок,232.0,1
Чистящие средства для удаления накипи,чистящие средства для удаления накипи,213.0,1
Запарник,запарник,199.0,1
Стул для дачи,стул для дачи,195.0,1
Рейлинговые системы для кухни,рейлинговые системы для кухни,190.0,1
Ремни для сумки,ремни для сумки,190.0,1
Прочие добавки для теста,прочие добавки для теста,178.0,2
Фильтр топливный,фильтр топливный,169.0,1
Принадлежности для детейлинга,принадлежности для детейлинга,168.0,1
Вытяжки Встраиваемые,вытяжки встраиваемые,164.48,1
Автомобильные сумки,автомобильные сумки,150.0,1
Самоклеящиеся закладки,самоклеящиеся закладки,149.0,1
"Бады для сердца, сосудов","бады для сердца, сосудов",145.0,1
Карниз для ванной,карниз для ванной,141.0,1
Смеси для кексов,смеси для кексов,137.99,2
Капельный полив,капельный полив,113.78999999999999,3
Увлажнение и питание кожи ног-селектив,увлажнение и питание кожи ног-селектив,110.0,1
Кукуруза рассыпная,кукуруза рассыпная,90.0,1
Табличка для бани,табличка для бани,83.0,1
Журналы для коллекционирования наклеек,журналы для коллекционирования наклеек,80.0,1
Горчичный порошок,горчичный порошок,59.0,1
Крепеж для монтажа,крепеж для монтажа,53.01,2
Уход за глазами для собак,уход за глазами для собак,46.0,2
Саундбары,саундбары,1.0,1
